INSERT INTO "main"."PyCommerce_brands" ("Id", "NameA", "NameL") VALUES ('1', 'سامسونج', 'Samsung');
INSERT INTO "main"."PyCommerce_brands" ("Id", "NameA", "NameL") VALUES ('2', 'اتش بي', 'Hp');
INSERT INTO "main"."PyCommerce_brands" ("Id", "NameA", "NameL") VALUES ('3', 'ديل', 'Dell');
INSERT INTO "main"."PyCommerce_brands" ("Id", "NameA", "NameL") VALUES ('4', 'اي بي ام', 'IBM');
INSERT INTO "main"."PyCommerce_brands" ("Id", "NameA", "NameL") VALUES ('5', 'لينوثو', 'Lenovo');
INSERT INTO "main"."PyCommerce_brands" ("Id", "NameA", "NameL") VALUES ('6', 'اسير', 'Acer');
INSERT INTO "main"."PyCommerce_brands" ("Id", "NameA", "NameL") VALUES ('7', 'شاومى', 'Xiaomi');
INSERT INTO "main"."PyCommerce_brands" ("Id", "NameA", "NameL") VALUES ('8', 'اسوس', 'Asus');
INSERT INTO "main"."PyCommerce_brands" ("Id", "NameA", "NameL") VALUES ('9', 'ابل', 'Apple');
INSERT INTO "main"."PyCommerce_brands" ("Id", "NameA", "NameL") VALUES ('10', 'جاك', 'Jac');
INSERT INTO "main"."PyCommerce_brands" ("Id", "NameA", "NameL") VALUES ('11', 'سان ديسك', 'SanDesk');
INSERT INTO "main"."PyCommerce_brands" ("Id", "NameA", "NameL") VALUES ('12', 'سيليكون باور', 'Silicon Power');
INSERT INTO "main"."PyCommerce_brands" ("Id", "NameA", "NameL") VALUES ('13', 'اتش اي كيه فيشيون', 'HIKVISIO');
INSERT INTO "main"."PyCommerce_brands" ("Id", "NameA", "NameL") VALUES ('14', 'كينجستون', 'Kingsto');
INSERT INTO "main"."PyCommerce_brands" ("Id", "NameA", "NameL") VALUES ('15', 'كانيون', 'Canyo');
INSERT INTO "main"."PyCommerce_brands" ("Id", "NameA", "NameL") VALUES ('16', 'ميكروسوفت', 'Microsoft');
INSERT INTO "main"."PyCommerce_brands" ("Id", "NameA", "NameL") VALUES ('17', 'ويندوز', 'Windows');
INSERT INTO "main"."PyCommerce_brands" ("Id", "NameA", "NameL") VALUES ('18', 'جي تاب', 'G Tab');
INSERT INTO "main"."PyCommerce_brands" ("Id", "NameA", "NameL") VALUES ('19', 'هواوي', 'Huawei ');
INSERT INTO "main"."PyCommerce_brands" ("Id", "NameA", "NameL") VALUES ('20', 'الكاتيل', 'Alcatel');
INSERT INTO "main"."PyCommerce_brands" ("Id", "NameA", "NameL") VALUES ('21', 'ام توتش', 'Mtouch');
INSERT INTO "main"."PyCommerce_brands" ("Id", "NameA", "NameL") VALUES ('22', 'اي كيو', 'iKU');
INSERT INTO "main"."PyCommerce_brands" ("Id", "NameA", "NameL") VALUES ('23', 'ساري تاب', 'Sary Tab');
INSERT INTO "main"."PyCommerce_brands" ("Id", "NameA", "NameL") VALUES ('24', 'ألجي', 'LG');
INSERT INTO "main"."PyCommerce_brands" ("Id", "NameA", "NameL") VALUES ('25', 'نيو بورن', 'New Bor');
INSERT INTO "main"."PyCommerce_brands" ("Id", "NameA", "NameL") VALUES ('26', 'تيرانوفا', 'Terranova');
INSERT INTO "main"."PyCommerce_brands" ("Id", "NameA", "NameL") VALUES ('27', 'ايروبوستال', 'Aeropostale');
INSERT INTO "main"."PyCommerce_brands" ("Id", "NameA", "NameL") VALUES ('28', 'DiSEqC', 'DiSEqC');
INSERT INTO "main"."PyCommerce_brands" ("Id", "NameA", "NameL") VALUES ('29', 'ريسيفر', 'Receiver');
INSERT INTO "main"."PyCommerce_brands" ("Id", "NameA", "NameL") VALUES ('30', 'ترومان', 'Truma');
INSERT INTO "main"."PyCommerce_brands" ("Id", "NameA", "NameL") VALUES ('31', 'يونيك', 'UNIC');
INSERT INTO "main"."PyCommerce_brands" ("Id", "NameA", "NameL") VALUES ('32', 'بروجيكتور', 'Projector');
INSERT INTO "main"."PyCommerce_brands" ("Id", "NameA", "NameL") VALUES ('33', 'ايبسون', 'Epso');
INSERT INTO "main"."PyCommerce_brands" ("Id", "NameA", "NameL") VALUES ('34', 'يافيكس', 'YaFex');

INSERT INTO "main"."PyCommerce_carttransactionmasters" ("Id", "DateCreated") VALUES ('28', '20200611 01:01:56.760');
INSERT INTO "main"."PyCommerce_carttransactionmasters" ("Id", "DateCreated") VALUES ('29', '20200611 17:18:02.700');
INSERT INTO "main"."PyCommerce_carttransactionmasters" ("Id", "DateCreated") VALUES ('30', '20200611 17:24:33.157');
INSERT INTO "main"."PyCommerce_carttransactionmasters" ("Id", "DateCreated") VALUES ('31', '20200611 17:25:23.983');
INSERT INTO "main"."PyCommerce_carttransactionmasters" ("Id", "DateCreated") VALUES ('32', '20200611 17:26:19.823');
INSERT INTO "main"."PyCommerce_carttransactionmasters" ("Id", "DateCreated") VALUES ('33', '20200611 17:26:33.430');
INSERT INTO "main"."PyCommerce_carttransactionmasters" ("Id", "DateCreated") VALUES ('34', '20200611 17:27:06.950');
INSERT INTO "main"."PyCommerce_carttransactionmasters" ("Id", "DateCreated") VALUES ('35', '20200611 17:27:27.627');
INSERT INTO "main"."PyCommerce_carttransactionmasters" ("Id", "DateCreated") VALUES ('36', '20200611 17:28:45.063');
INSERT INTO "main"."PyCommerce_carttransactionmasters" ("Id", "DateCreated") VALUES ('37', '20200611 17:29:51.280');
INSERT INTO "main"."PyCommerce_carttransactionmasters" ("Id", "DateCreated") VALUES ('38', '20200611 17:31:54.380');
INSERT INTO "main"."PyCommerce_carttransactionmasters" ("Id", "DateCreated") VALUES ('39', '20200611 17:32:11.827');
INSERT INTO "main"."PyCommerce_carttransactionmasters" ("Id", "DateCreated") VALUES ('40', '20200611 17:33:57.307');
INSERT INTO "main"."PyCommerce_carttransactionmasters" ("Id", "DateCreated") VALUES ('41', '20200611 18:37:18.697');
INSERT INTO "main"."PyCommerce_carttransactionmasters" ("Id", "DateCreated") VALUES ('42', '20200611 20:01:14.573');
INSERT INTO "main"."PyCommerce_carttransactionmasters" ("Id", "DateCreated") VALUES ('43', '20200611 20:28:45.013');
INSERT INTO "main"."PyCommerce_carttransactionmasters" ("Id", "DateCreated") VALUES ('44', '20200611 21:31:18.183');
INSERT INTO "main"."PyCommerce_carttransactionmasters" ("Id", "DateCreated") VALUES ('45', '20200611 21:33:13.240');
INSERT INTO "main"."PyCommerce_carttransactionmasters" ("Id", "DateCreated") VALUES ('46', '20200612 13:37:04.080');
INSERT INTO "main"."PyCommerce_carttransactionmasters" ("Id", "DateCreated") VALUES ('47', '20200614 17:25:22.813');
INSERT INTO "main"."PyCommerce_carttransactionmasters" ("Id", "DateCreated") VALUES ('48', '20200614 17:31:06.517');
INSERT INTO "main"."PyCommerce_carttransactionmasters" ("Id", "DateCreated") VALUES ('49', '20200614 18:04:45.920');
INSERT INTO "main"."PyCommerce_carttransactionmasters" ("Id", "DateCreated") VALUES ('50', '20200614 18:09:56.483');
INSERT INTO "main"."PyCommerce_carttransactionmasters" ("Id", "DateCreated") VALUES ('51', '20200614 18:10:36.313');
INSERT INTO "main"."PyCommerce_carttransactionmasters" ("Id", "DateCreated") VALUES ('52', '20200614 18:20:03.303');
INSERT INTO "main"."PyCommerce_carttransactionmasters" ("Id", "DateCreated") VALUES ('53', '20200614 18:22:16.400');
INSERT INTO "main"."PyCommerce_carttransactionmasters" ("Id", "DateCreated") VALUES ('54', '20200614 18:24:42.763');
INSERT INTO "main"."PyCommerce_carttransactionmasters" ("Id", "DateCreated") VALUES ('55', '20200614 18:54:07.070');
INSERT INTO "main"."PyCommerce_carttransactionmasters" ("Id", "DateCreated") VALUES ('56', '20200614 22:12:11.847');
INSERT INTO "main"."PyCommerce_carttransactionmasters" ("Id", "DateCreated") VALUES ('57', '20200614 22:14:59.087');
INSERT INTO "main"."PyCommerce_carttransactionmasters" ("Id", "DateCreated") VALUES ('58', '20200614 22:16:45.187');
INSERT INTO "main"."PyCommerce_carttransactionmasters" ("Id", "DateCreated") VALUES ('59', '20200614 22:18:22.703');
INSERT INTO "main"."PyCommerce_carttransactionmasters" ("Id", "DateCreated") VALUES ('60', '20200614 22:29:42.497');
INSERT INTO "main"."PyCommerce_carttransactionmasters" ("Id", "DateCreated") VALUES ('61', '20200614 23:46:42.397');
INSERT INTO "main"."PyCommerce_carttransactionmasters" ("Id", "DateCreated") VALUES ('62', '20200615 17:46:51.713');
INSERT INTO "main"."PyCommerce_carttransactionmasters" ("Id", "DateCreated") VALUES ('63', '20200615 20:56:25.690');
INSERT INTO "main"."PyCommerce_carttransactionmasters" ("Id", "DateCreated") VALUES ('64', '20200617 19:29:07.977');
INSERT INTO "main"."PyCommerce_carttransactionmasters" ("Id", "DateCreated") VALUES ('65', '20200617 19:30:13.937');
INSERT INTO "main"."PyCommerce_carttransactionmasters" ("Id", "DateCreated") VALUES ('66', '20200617 19:30:42.207');
INSERT INTO "main"."PyCommerce_carttransactionmasters" ("Id", "DateCreated") VALUES ('67', '20200617 19:34:27.317');
INSERT INTO "main"."PyCommerce_carttransactionmasters" ("Id", "DateCreated") VALUES ('68', '20200617 19:34:50.933');
INSERT INTO "main"."PyCommerce_carttransactionmasters" ("Id", "DateCreated") VALUES ('69', '20200617 19:36:20.583');
INSERT INTO "main"."PyCommerce_carttransactionmasters" ("Id", "DateCreated") VALUES ('70', '20200617 19:36:34.847');
INSERT INTO "main"."PyCommerce_carttransactionmasters" ("Id", "DateCreated") VALUES ('71', '20200617 19:44:03.097');
INSERT INTO "main"."PyCommerce_carttransactionmasters" ("Id", "DateCreated") VALUES ('72', '20200617 19:45:08.567');
INSERT INTO "main"."PyCommerce_carttransactionmasters" ("Id", "DateCreated") VALUES ('73', '20200617 19:45:33.983');
INSERT INTO "main"."PyCommerce_carttransactionmasters" ("Id", "DateCreated") VALUES ('74', '20200617 20:10:15.753');
INSERT INTO "main"."PyCommerce_carttransactionmasters" ("Id", "DateCreated") VALUES ('75', '20200617 20:16:03.170');
INSERT INTO "main"."PyCommerce_carttransactionmasters" ("Id", "DateCreated") VALUES ('76', '20200617 20:56:29.727');
INSERT INTO "main"."PyCommerce_carttransactionmasters" ("Id", "DateCreated") VALUES ('77', '20200618 16:07:48.273');
INSERT INTO "main"."PyCommerce_carttransactionmasters" ("Id", "DateCreated") VALUES ('78', '20200618 16:39:26.277');
INSERT INTO "main"."PyCommerce_carttransactionmasters" ("Id", "DateCreated") VALUES ('79', '20200618 16:39:50.307');
INSERT INTO "main"."PyCommerce_carttransactionmasters" ("Id", "DateCreated") VALUES ('80', '20200618 17:37:10.520');
INSERT INTO "main"."PyCommerce_carttransactionmasters" ("Id", "DateCreated") VALUES ('81', '20200618 17:45:49.377');
INSERT INTO "main"."PyCommerce_carttransactionmasters" ("Id", "DateCreated") VALUES ('82', '20200618 17:46:18.533');
INSERT INTO "main"."PyCommerce_carttransactionmasters" ("Id", "DateCreated") VALUES ('83', '20200618 17:51:17.577');
INSERT INTO "main"."PyCommerce_carttransactionmasters" ("Id", "DateCreated") VALUES ('84', '20200618 20:13:41.967');
INSERT INTO "main"."PyCommerce_carttransactionmasters" ("Id", "DateCreated") VALUES ('85', '20200618 23:13:02.757');
INSERT INTO "main"."PyCommerce_carttransactionmasters" ("Id", "DateCreated") VALUES ('86', '20200619 23:25:18.567');
INSERT INTO "main"."PyCommerce_carttransactionmasters" ("Id", "DateCreated") VALUES ('87', '20200619 23:27:38.447');
INSERT INTO "main"."PyCommerce_carttransactionmasters" ("Id", "DateCreated") VALUES ('1086', '20200620 02:47:07.120');
INSERT INTO "main"."PyCommerce_carttransactionmasters" ("Id", "DateCreated") VALUES ('1087', '20200620 14:27:39.353');
INSERT INTO "main"."PyCommerce_carttransactionmasters" ("Id", "DateCreated") VALUES ('1088', '20200620 22:04:36.537');
INSERT INTO "main"."PyCommerce_carttransactionmasters" ("Id", "DateCreated") VALUES ('1089', '20200620 22:19:43.027');
INSERT INTO "main"."PyCommerce_carttransactionmasters" ("Id", "DateCreated") VALUES ('1090', '20200621 15:20:11.150');
INSERT INTO "main"."PyCommerce_carttransactionmasters" ("Id", "DateCreated") VALUES ('1091', '20200621 17:22:31.967');
INSERT INTO "main"."PyCommerce_carttransactionmasters" ("Id", "DateCreated") VALUES ('1092', '20200621 18:28:27.777');
INSERT INTO "main"."PyCommerce_carttransactionmasters" ("Id", "DateCreated") VALUES ('1093', '20200622 00:38:56.693');
INSERT INTO "main"."PyCommerce_carttransactionmasters" ("Id", "DateCreated") VALUES ('1094', '20200622 15:39:16.770');
INSERT INTO "main"."PyCommerce_carttransactionmasters" ("Id", "DateCreated") VALUES ('1095', '20200623 12:44:50.347');
INSERT INTO "main"."PyCommerce_carttransactionmasters" ("Id", "DateCreated") VALUES ('1096', '20200624 10:51:26.787');
INSERT INTO "main"."PyCommerce_carttransactionmasters" ("Id", "DateCreated") VALUES ('1097', '20200624 23:55:32.847');
INSERT INTO "main"."PyCommerce_carttransactionmasters" ("Id", "DateCreated") VALUES ('2095', '20200628 16:11:50.010');
INSERT INTO "main"."PyCommerce_carttransactionmasters" ("Id", "DateCreated") VALUES ('2096', '20200628 16:12:36.010');
INSERT INTO "main"."PyCommerce_carttransactionmasters" ("Id", "DateCreated") VALUES ('2097', '20200628 16:14:52.913');
INSERT INTO "main"."PyCommerce_carttransactionmasters" ("Id", "DateCreated") VALUES ('2098', '20200628 16:19:43.300');
INSERT INTO "main"."PyCommerce_carttransactionmasters" ("Id", "DateCreated") VALUES ('2099', '20200628 16:21:19.923');
INSERT INTO "main"."PyCommerce_carttransactionmasters" ("Id", "DateCreated") VALUES ('2100', '20200628 18:54:03.527');
INSERT INTO "main"."PyCommerce_carttransactionmasters" ("Id", "DateCreated") VALUES ('2101', '20200628 19:15:39.573');
INSERT INTO "main"."PyCommerce_carttransactionmasters" ("Id", "DateCreated") VALUES ('2102', '20200628 21:28:28.007');
INSERT INTO "main"."PyCommerce_carttransactionmasters" ("Id", "DateCreated") VALUES ('2103', '20200628 21:32:42.943');
INSERT INTO "main"."PyCommerce_carttransactionmasters" ("Id", "DateCreated") VALUES ('2104', '20200628 21:52:02.137');
INSERT INTO "main"."PyCommerce_carttransactionmasters" ("Id", "DateCreated") VALUES ('2105', '20200628 21:55:09.187');
INSERT INTO "main"."PyCommerce_carttransactionmasters" ("Id", "DateCreated") VALUES ('3095', '20200629 21:27:44.037');
INSERT INTO "main"."PyCommerce_carttransactionmasters" ("Id", "DateCreated") VALUES ('3096', '20200630 22:29:48.830');
INSERT INTO "main"."PyCommerce_carttransactionmasters" ("Id", "DateCreated") VALUES ('3097', '20200630 22:35:07.437');
INSERT INTO "main"."PyCommerce_carttransactionmasters" ("Id", "DateCreated") VALUES ('3098', '20200630 22:52:55.300');
INSERT INTO "main"."PyCommerce_carttransactionmasters" ("Id", "DateCreated") VALUES ('3099', '20200630 23:21:08.110');
INSERT INTO "main"."PyCommerce_carttransactionmasters" ("Id", "DateCreated") VALUES ('3100', '20200702 00:21:39.893');
INSERT INTO "main"."PyCommerce_carttransactionmasters" ("Id", "DateCreated") VALUES ('3101', '20200702 00:29:58.110');
INSERT INTO "main"."PyCommerce_carttransactionmasters" ("Id", "DateCreated") VALUES ('3102', '20200702 06:45:49.513');
INSERT INTO "main"."PyCommerce_carttransactionmasters" ("Id", "DateCreated") VALUES ('3103', '20200702 13:14:38.140');
INSERT INTO "main"."PyCommerce_carttransactionmasters" ("Id", "DateCreated") VALUES ('3104', '20200712 21:47:12.820');
INSERT INTO "main"."PyCommerce_carttransactionmasters" ("Id", "DateCreated") VALUES ('3105', '20200712 22:05:34.060');
INSERT INTO "main"."PyCommerce_carttransactionmasters" ("Id", "DateCreated") VALUES ('3106', '20200713 00:19:55.353');
INSERT INTO "main"."PyCommerce_carttransactionmasters" ("Id", "DateCreated") VALUES ('3107', '20200713 18:37:23.953');
INSERT INTO "main"."PyCommerce_carttransactionmasters" ("Id", "DateCreated") VALUES ('3108', '20200713 19:33:52.330');
INSERT INTO "main"."PyCommerce_carttransactionmasters" ("Id", "DateCreated") VALUES ('3109', '20200713 23:20:41.400');
INSERT INTO "main"."PyCommerce_carttransactionmasters" ("Id", "DateCreated") VALUES ('3110', '20200713 23:44:49.833');
INSERT INTO "main"."PyCommerce_carttransactionmasters" ("Id", "DateCreated") VALUES ('3111', '20200714 01:05:24.623');
INSERT INTO "main"."PyCommerce_carttransactionmasters" ("Id", "DateCreated") VALUES ('3112', '20200714 22:03:28.580');
INSERT INTO "main"."PyCommerce_carttransactionmasters" ("Id", "DateCreated") VALUES ('3113', '20200715 17:57:27.227');
INSERT INTO "main"."PyCommerce_carttransactionmasters" ("Id", "DateCreated") VALUES ('3114', '20200716 00:26:07.837');
INSERT INTO "main"."PyCommerce_carttransactionmasters" ("Id", "DateCreated") VALUES ('3115', '20200719 22:27:55.100');
INSERT INTO "main"."PyCommerce_carttransactionmasters" ("Id", "DateCreated") VALUES ('3116', '20200720 16:28:07.187');
INSERT INTO "main"."PyCommerce_carttransactionmasters" ("Id", "DateCreated") VALUES ('3117', '20200721 13:27:31.427');
INSERT INTO "main"."PyCommerce_carttransactionmasters" ("Id", "DateCreated") VALUES ('3118', '20200721 13:29:42.493');
INSERT INTO "main"."PyCommerce_carttransactionmasters" ("Id", "DateCreated") VALUES ('3119', '20200721 13:31:03.247');
INSERT INTO "main"."PyCommerce_carttransactionmasters" ("Id", "DateCreated") VALUES ('3120', '20200721 16:24:05.897');
INSERT INTO "main"."PyCommerce_carttransactionmasters" ("Id", "DateCreated") VALUES ('3121', '20200721 16:31:08.703');
INSERT INTO "main"."PyCommerce_carttransactionmasters" ("Id", "DateCreated") VALUES ('3122', '20200721 17:27:58.900');
INSERT INTO "main"."PyCommerce_carttransactionmasters" ("Id", "DateCreated") VALUES ('3123', '20200723 13:02:45.170');
INSERT INTO "main"."PyCommerce_carttransactionmasters" ("Id", "DateCreated") VALUES ('3124', '20200726 13:23:10.257');
INSERT INTO "main"."PyCommerce_carttransactionmasters" ("Id", "DateCreated") VALUES ('3125', '20200730 13:10:36.593');
INSERT INTO "main"."PyCommerce_carttransactionmasters" ("Id", "DateCreated") VALUES ('3126', '20200802 13:27:39.650');
INSERT INTO "main"."PyCommerce_carttransactionmasters" ("Id", "DateCreated") VALUES ('3139', '20200909 14:15:44.220');
INSERT INTO "main"."PyCommerce_carttransactionmasters" ("Id", "DateCreated") VALUES ('3140', '20200911 01:39:58.210');
INSERT INTO "main"."PyCommerce_carttransactionmasters" ("Id", "DateCreated") VALUES ('3141', '20200911 19:08:37.193');
INSERT INTO "main"."PyCommerce_carttransactionmasters" ("Id", "DateCreated") VALUES ('3142', '20200913 15:03:00.523');
INSERT INTO "main"."PyCommerce_carttransactionmasters" ("Id", "DateCreated") VALUES ('3143', '20200914 20:38:20.140');
INSERT INTO "main"."PyCommerce_carttransactionmasters" ("Id", "DateCreated") VALUES ('3144', '20200914 21:24:01.753');
INSERT INTO "main"."PyCommerce_carttransactionmasters" ("Id", "DateCreated") VALUES ('3145', '20200914 21:30:31.970');
INSERT INTO "main"."PyCommerce_carttransactionmasters" ("Id", "DateCreated") VALUES ('3146', '20200914 21:32:22.057');
INSERT INTO "main"."PyCommerce_carttransactionmasters" ("Id", "DateCreated") VALUES ('3147', '20200914 21:35:30.800');
INSERT INTO "main"."PyCommerce_carttransactionmasters" ("Id", "DateCreated") VALUES ('3148', '20200915 00:33:39.780');
INSERT INTO "main"."PyCommerce_carttransactionmasters" ("Id", "DateCreated") VALUES ('3149', '20200915 14:34:19.850');
INSERT INTO "main"."PyCommerce_carttransactionmasters" ("Id", "DateCreated") VALUES ('3150', '20200915 14:57:15.607');
INSERT INTO "main"."PyCommerce_carttransactionmasters" ("Id", "DateCreated") VALUES ('3151', '20200915 14:59:13.427');
INSERT INTO "main"."PyCommerce_carttransactionmasters" ("Id", "DateCreated") VALUES ('3152', '20200915 15:02:27.637');
INSERT INTO "main"."PyCommerce_carttransactionmasters" ("Id", "DateCreated") VALUES ('3153', '20200915 15:05:53.137');
INSERT INTO "main"."PyCommerce_carttransactionmasters" ("Id", "DateCreated") VALUES ('3154', '20200915 15:09:58.417');
INSERT INTO "main"."PyCommerce_carttransactionmasters" ("Id", "DateCreated") VALUES ('3155', '20200915 16:25:46.257');
INSERT INTO "main"."PyCommerce_carttransactionmasters" ("Id", "DateCreated") VALUES ('3156', '20200915 20:59:15.267');
INSERT INTO "main"."PyCommerce_carttransactionmasters" ("Id", "DateCreated") VALUES ('3157', '20200915 21:02:31.647');
INSERT INTO "main"."PyCommerce_carttransactionmasters" ("Id", "DateCreated") VALUES ('3158', '20200915 21:10:17.907');
INSERT INTO "main"."PyCommerce_carttransactionmasters" ("Id", "DateCreated") VALUES ('3159', '20200916 17:21:06.337');
INSERT INTO "main"."PyCommerce_carttransactionmasters" ("Id", "DateCreated") VALUES ('4148', '20200920 15:01:50.997');
INSERT INTO "main"."PyCommerce_carttransactionmasters" ("Id", "DateCreated") VALUES ('4149', '20200921 12:32:05.660');
INSERT INTO "main"."PyCommerce_carttransactionmasters" ("Id", "DateCreated") VALUES ('4150', '20200922 17:02:03.977');
INSERT INTO "main"."PyCommerce_carttransactionmasters" ("Id", "DateCreated") VALUES ('4151', '20200922 17:06:02.203');
INSERT INTO "main"."PyCommerce_carttransactionmasters" ("Id", "DateCreated") VALUES ('4152', '20200922 17:08:58.617');
INSERT INTO "main"."PyCommerce_carttransactionmasters" ("Id", "DateCreated") VALUES ('4153', '20200922 17:12:34.123');
INSERT INTO "main"."PyCommerce_carttransactionmasters" ("Id", "DateCreated") VALUES ('4154', '20200922 17:14:34.223');
INSERT INTO "main"."PyCommerce_carttransactionmasters" ("Id", "DateCreated") VALUES ('4155', '20200922 17:16:13.727');
INSERT INTO "main"."PyCommerce_carttransactionmasters" ("Id", "DateCreated") VALUES ('4156', '20200922 17:16:52.567');
INSERT INTO "main"."PyCommerce_carttransactionmasters" ("Id", "DateCreated") VALUES ('4157', '20200922 17:17:24.753');
INSERT INTO "main"."PyCommerce_carttransactionmasters" ("Id", "DateCreated") VALUES ('4158', '20200922 17:17:35.837');
INSERT INTO "main"."PyCommerce_carttransactionmasters" ("Id", "DateCreated") VALUES ('4159', '20200922 17:19:13.057');
INSERT INTO "main"."PyCommerce_carttransactionmasters" ("Id", "DateCreated") VALUES ('4160', '20200922 17:19:51.813');
INSERT INTO "main"."PyCommerce_carttransactionmasters" ("Id", "DateCreated") VALUES ('4161', '20200922 17:22:07.270');
INSERT INTO "main"."PyCommerce_carttransactionmasters" ("Id", "DateCreated") VALUES ('4162', '20200924 00:34:40.537');
INSERT INTO "main"."PyCommerce_carttransactionmasters" ("Id", "DateCreated") VALUES ('4163', '20200928 13:14:18.070');
INSERT INTO "main"."PyCommerce_carttransactionmasters" ("Id", "DateCreated") VALUES ('4164', '20200928 17:36:09.773');
INSERT INTO "main"."PyCommerce_carttransactionmasters" ("Id", "DateCreated") VALUES ('4165', '20201001 16:36:53.107');
INSERT INTO "main"."PyCommerce_carttransactionmasters" ("Id", "DateCreated") VALUES ('4166', '20201001 21:32:14.617');
INSERT INTO "main"."PyCommerce_carttransactionmasters" ("Id", "DateCreated") VALUES ('4167', '20201001 23:07:14.967');
INSERT INTO "main"."PyCommerce_carttransactionmasters" ("Id", "DateCreated") VALUES ('4168', '20201006 14:06:10.627');
INSERT INTO "main"."PyCommerce_carttransactionmasters" ("Id", "DateCreated") VALUES ('4169', '20201008 17:16:40.970');
INSERT INTO "main"."PyCommerce_carttransactionmasters" ("Id", "DateCreated") VALUES ('4170', '20201008 17:18:44.787');
INSERT INTO "main"."PyCommerce_carttransactionmasters" ("Id", "DateCreated") VALUES ('4171', '20201008 17:20:05.260');
INSERT INTO "main"."PyCommerce_carttransactionmasters" ("Id", "DateCreated") VALUES ('4172', '20201008 17:21:09.533');
INSERT INTO "main"."PyCommerce_carttransactionmasters" ("Id", "DateCreated") VALUES ('4173', '20201008 17:21:48.177');
INSERT INTO "main"."PyCommerce_carttransactionmasters" ("Id", "DateCreated") VALUES ('4174', '20201008 17:25:19.410');
INSERT INTO "main"."PyCommerce_carttransactionmasters" ("Id", "DateCreated") VALUES ('4175', '20201011 19:38:46.503');
INSERT INTO "main"."PyCommerce_carttransactionmasters" ("Id", "DateCreated") VALUES ('4176', '20201011 23:35:45.580');
INSERT INTO "main"."PyCommerce_carttransactionmasters" ("Id", "DateCreated") VALUES ('4177', '20201012 13:03:33.773');

INSERT INTO "main"."PyCommerce_carttransactions" ("Id", "ProductId", "MasterId", "Quantity", "IsOrdered", "StoreId") VALUES ('150', '1', '44', '2.0', '1', '17');
INSERT INTO "main"."PyCommerce_carttransactions" ("Id", "ProductId", "MasterId", "Quantity", "IsOrdered", "StoreId") VALUES ('151', '1', '42', '2.0', '', '17');
INSERT INTO "main"."PyCommerce_carttransactions" ("Id", "ProductId", "MasterId", "Quantity", "IsOrdered", "StoreId") VALUES ('152', '2', '42', '1.0', '', '17');
INSERT INTO "main"."PyCommerce_carttransactions" ("Id", "ProductId", "MasterId", "Quantity", "IsOrdered", "StoreId") VALUES ('153', '2', '46', '5.0', '', '17');
INSERT INTO "main"."PyCommerce_carttransactions" ("Id", "ProductId", "MasterId", "Quantity", "IsOrdered", "StoreId") VALUES ('154', '6', '46', '1.0', '', '17');
INSERT INTO "main"."PyCommerce_carttransactions" ("Id", "ProductId", "MasterId", "Quantity", "IsOrdered", "StoreId") VALUES ('155', '4', '46', '1.0', '', '17');
INSERT INTO "main"."PyCommerce_carttransactions" ("Id", "ProductId", "MasterId", "Quantity", "IsOrdered", "StoreId") VALUES ('156', '11', '46', '1.0', '', '17');
INSERT INTO "main"."PyCommerce_carttransactions" ("Id", "ProductId", "MasterId", "Quantity", "IsOrdered", "StoreId") VALUES ('157', '1', '46', '1.0', '', '17');
INSERT INTO "main"."PyCommerce_carttransactions" ("Id", "ProductId", "MasterId", "Quantity", "IsOrdered", "StoreId") VALUES ('166', '1', '60', '1.0', '', '17');
INSERT INTO "main"."PyCommerce_carttransactions" ("Id", "ProductId", "MasterId", "Quantity", "IsOrdered", "StoreId") VALUES ('190', '1', '63', '1.0', '1', '17');
INSERT INTO "main"."PyCommerce_carttransactions" ("Id", "ProductId", "MasterId", "Quantity", "IsOrdered", "StoreId") VALUES ('191', '2', '63', '1.0', '1', '17');
INSERT INTO "main"."PyCommerce_carttransactions" ("Id", "ProductId", "MasterId", "Quantity", "IsOrdered", "StoreId") VALUES ('197', '19', '62', '1.0', '1', '17');
INSERT INTO "main"."PyCommerce_carttransactions" ("Id", "ProductId", "MasterId", "Quantity", "IsOrdered", "StoreId") VALUES ('200', '9', '62', '1.0', '1', '17');
INSERT INTO "main"."PyCommerce_carttransactions" ("Id", "ProductId", "MasterId", "Quantity", "IsOrdered", "StoreId") VALUES ('205', '2', '64', '1.0', '1', '17');
INSERT INTO "main"."PyCommerce_carttransactions" ("Id", "ProductId", "MasterId", "Quantity", "IsOrdered", "StoreId") VALUES ('206', '1', '65', '1.0', '1', '17');
INSERT INTO "main"."PyCommerce_carttransactions" ("Id", "ProductId", "MasterId", "Quantity", "IsOrdered", "StoreId") VALUES ('207', '2', '66', '1.0', '1', '17');
INSERT INTO "main"."PyCommerce_carttransactions" ("Id", "ProductId", "MasterId", "Quantity", "IsOrdered", "StoreId") VALUES ('208', '3', '67', '1.0', '1', '17');
INSERT INTO "main"."PyCommerce_carttransactions" ("Id", "ProductId", "MasterId", "Quantity", "IsOrdered", "StoreId") VALUES ('209', '17', '67', '1.0', '1', '17');
INSERT INTO "main"."PyCommerce_carttransactions" ("Id", "ProductId", "MasterId", "Quantity", "IsOrdered", "StoreId") VALUES ('210', '19', '67', '1.0', '1', '17');
INSERT INTO "main"."PyCommerce_carttransactions" ("Id", "ProductId", "MasterId", "Quantity", "IsOrdered", "StoreId") VALUES ('211', '1', '68', '1.0', '1', '17');
INSERT INTO "main"."PyCommerce_carttransactions" ("Id", "ProductId", "MasterId", "Quantity", "IsOrdered", "StoreId") VALUES ('212', '3', '69', '1.0', '1', '17');
INSERT INTO "main"."PyCommerce_carttransactions" ("Id", "ProductId", "MasterId", "Quantity", "IsOrdered", "StoreId") VALUES ('213', '2', '70', '1.0', '1', '17');
INSERT INTO "main"."PyCommerce_carttransactions" ("Id", "ProductId", "MasterId", "Quantity", "IsOrdered", "StoreId") VALUES ('214', '1', '70', '1.0', '1', '17');
INSERT INTO "main"."PyCommerce_carttransactions" ("Id", "ProductId", "MasterId", "Quantity", "IsOrdered", "StoreId") VALUES ('215', '1', '71', '1.0', '1', '17');
INSERT INTO "main"."PyCommerce_carttransactions" ("Id", "ProductId", "MasterId", "Quantity", "IsOrdered", "StoreId") VALUES ('216', '1', '72', '1.0', '1', '17');
INSERT INTO "main"."PyCommerce_carttransactions" ("Id", "ProductId", "MasterId", "Quantity", "IsOrdered", "StoreId") VALUES ('217', '2', '73', '1.0', '1', '17');
INSERT INTO "main"."PyCommerce_carttransactions" ("Id", "ProductId", "MasterId", "Quantity", "IsOrdered", "StoreId") VALUES ('218', '1', '74', '1.0', '1', '17');
INSERT INTO "main"."PyCommerce_carttransactions" ("Id", "ProductId", "MasterId", "Quantity", "IsOrdered", "StoreId") VALUES ('219', '2', '74', '1.0', '1', '17');
INSERT INTO "main"."PyCommerce_carttransactions" ("Id", "ProductId", "MasterId", "Quantity", "IsOrdered", "StoreId") VALUES ('220', '1', '75', '1.0', '1', '17');
INSERT INTO "main"."PyCommerce_carttransactions" ("Id", "ProductId", "MasterId", "Quantity", "IsOrdered", "StoreId") VALUES ('221', '1', '76', '1.0', '1', '17');
INSERT INTO "main"."PyCommerce_carttransactions" ("Id", "ProductId", "MasterId", "Quantity", "IsOrdered", "StoreId") VALUES ('222', '1', '61', '1.0', '1', '17');
INSERT INTO "main"."PyCommerce_carttransactions" ("Id", "ProductId", "MasterId", "Quantity", "IsOrdered", "StoreId") VALUES ('223', '1', '77', '1.0', '1', '17');
INSERT INTO "main"."PyCommerce_carttransactions" ("Id", "ProductId", "MasterId", "Quantity", "IsOrdered", "StoreId") VALUES ('230', '1', '79', '1.0', '1', '17');
INSERT INTO "main"."PyCommerce_carttransactions" ("Id", "ProductId", "MasterId", "Quantity", "IsOrdered", "StoreId") VALUES ('231', '1', '80', '3.0', '1', '17');
INSERT INTO "main"."PyCommerce_carttransactions" ("Id", "ProductId", "MasterId", "Quantity", "IsOrdered", "StoreId") VALUES ('232', '1', '81', '1.0', '1', '17');
INSERT INTO "main"."PyCommerce_carttransactions" ("Id", "ProductId", "MasterId", "Quantity", "IsOrdered", "StoreId") VALUES ('233', '2', '82', '1.0', '1', '17');
INSERT INTO "main"."PyCommerce_carttransactions" ("Id", "ProductId", "MasterId", "Quantity", "IsOrdered", "StoreId") VALUES ('234', '1', '82', '1.0', '1', '17');
INSERT INTO "main"."PyCommerce_carttransactions" ("Id", "ProductId", "MasterId", "Quantity", "IsOrdered", "StoreId") VALUES ('235', '1', '83', '1.0', '1', '17');
INSERT INTO "main"."PyCommerce_carttransactions" ("Id", "ProductId", "MasterId", "Quantity", "IsOrdered", "StoreId") VALUES ('236', '5', '84', '1.0', '1', '17');
INSERT INTO "main"."PyCommerce_carttransactions" ("Id", "ProductId", "MasterId", "Quantity", "IsOrdered", "StoreId") VALUES ('237', '4', '84', '1.0', '1', '17');
INSERT INTO "main"."PyCommerce_carttransactions" ("Id", "ProductId", "MasterId", "Quantity", "IsOrdered", "StoreId") VALUES ('238', '1', '85', '1.0', '1', '17');
INSERT INTO "main"."PyCommerce_carttransactions" ("Id", "ProductId", "MasterId", "Quantity", "IsOrdered", "StoreId") VALUES ('239', '1', '86', '1.0', '1', '17');
INSERT INTO "main"."PyCommerce_carttransactions" ("Id", "ProductId", "MasterId", "Quantity", "IsOrdered", "StoreId") VALUES ('240', '19', '87', '1.0', '1', '17');
INSERT INTO "main"."PyCommerce_carttransactions" ("Id", "ProductId", "MasterId", "Quantity", "IsOrdered", "StoreId") VALUES ('241', '1', '87', '1.0', '1', '17');
INSERT INTO "main"."PyCommerce_carttransactions" ("Id", "ProductId", "MasterId", "Quantity", "IsOrdered", "StoreId") VALUES ('242', '9', '87', '1.0', '1', '17');
INSERT INTO "main"."PyCommerce_carttransactions" ("Id", "ProductId", "MasterId", "Quantity", "IsOrdered", "StoreId") VALUES ('1240', '1', '1087', '1.0', '1', '17');
INSERT INTO "main"."PyCommerce_carttransactions" ("Id", "ProductId", "MasterId", "Quantity", "IsOrdered", "StoreId") VALUES ('1242', '9', '1087', '1.0', '1', '17');
INSERT INTO "main"."PyCommerce_carttransactions" ("Id", "ProductId", "MasterId", "Quantity", "IsOrdered", "StoreId") VALUES ('1243', '1', '1088', '1.0', '1', '17');
INSERT INTO "main"."PyCommerce_carttransactions" ("Id", "ProductId", "MasterId", "Quantity", "IsOrdered", "StoreId") VALUES ('1244', '3', '1088', '1.0', '1', '17');
INSERT INTO "main"."PyCommerce_carttransactions" ("Id", "ProductId", "MasterId", "Quantity", "IsOrdered", "StoreId") VALUES ('1245', '19', '1089', '1.0', '1', '17');
INSERT INTO "main"."PyCommerce_carttransactions" ("Id", "ProductId", "MasterId", "Quantity", "IsOrdered", "StoreId") VALUES ('1248', '5', '1090', '1.0', '1', '17');
INSERT INTO "main"."PyCommerce_carttransactions" ("Id", "ProductId", "MasterId", "Quantity", "IsOrdered", "StoreId") VALUES ('1249', '5', '1091', '1.0', '1', '17');
INSERT INTO "main"."PyCommerce_carttransactions" ("Id", "ProductId", "MasterId", "Quantity", "IsOrdered", "StoreId") VALUES ('1250', '6', '1091', '1.0', '1', '17');
INSERT INTO "main"."PyCommerce_carttransactions" ("Id", "ProductId", "MasterId", "Quantity", "IsOrdered", "StoreId") VALUES ('1251', '5', '1092', '1.0', '1', '17');
INSERT INTO "main"."PyCommerce_carttransactions" ("Id", "ProductId", "MasterId", "Quantity", "IsOrdered", "StoreId") VALUES ('1252', '1', '1092', '1.0', '1', '17');
INSERT INTO "main"."PyCommerce_carttransactions" ("Id", "ProductId", "MasterId", "Quantity", "IsOrdered", "StoreId") VALUES ('1253', '1', '1093', '1.0', '1', '17');
INSERT INTO "main"."PyCommerce_carttransactions" ("Id", "ProductId", "MasterId", "Quantity", "IsOrdered", "StoreId") VALUES ('1254', '5', '1093', '1.0', '1', '17');
INSERT INTO "main"."PyCommerce_carttransactions" ("Id", "ProductId", "MasterId", "Quantity", "IsOrdered", "StoreId") VALUES ('1255', '3', '1093', '1.0', '1', '17');
INSERT INTO "main"."PyCommerce_carttransactions" ("Id", "ProductId", "MasterId", "Quantity", "IsOrdered", "StoreId") VALUES ('1256', '19', '1093', '1.0', '1', '17');
INSERT INTO "main"."PyCommerce_carttransactions" ("Id", "ProductId", "MasterId", "Quantity", "IsOrdered", "StoreId") VALUES ('1311', '1', '43', '1.0', '', '17');
INSERT INTO "main"."PyCommerce_carttransactions" ("Id", "ProductId", "MasterId", "Quantity", "IsOrdered", "StoreId") VALUES ('1312', '2', '43', '1.0', '', '17');
INSERT INTO "main"."PyCommerce_carttransactions" ("Id", "ProductId", "MasterId", "Quantity", "IsOrdered", "StoreId") VALUES ('1313', '1', '1095', '1.0', '1', '17');
INSERT INTO "main"."PyCommerce_carttransactions" ("Id", "ProductId", "MasterId", "Quantity", "IsOrdered", "StoreId") VALUES ('1329', '1', '1086', '1.0', '', '17');
INSERT INTO "main"."PyCommerce_carttransactions" ("Id", "ProductId", "MasterId", "Quantity", "IsOrdered", "StoreId") VALUES ('1331', '6', '1086', '1.0', '', '17');
INSERT INTO "main"."PyCommerce_carttransactions" ("Id", "ProductId", "MasterId", "Quantity", "IsOrdered", "StoreId") VALUES ('1332', '1', '1089', '1.0', '1', '17');
INSERT INTO "main"."PyCommerce_carttransactions" ("Id", "ProductId", "MasterId", "Quantity", "IsOrdered", "StoreId") VALUES ('1333', '14', '1089', '1.0', '1', '17');
INSERT INTO "main"."PyCommerce_carttransactions" ("Id", "ProductId", "MasterId", "Quantity", "IsOrdered", "StoreId") VALUES ('1353', '1', '1097', '3.0', '1', '17');
INSERT INTO "main"."PyCommerce_carttransactions" ("Id", "ProductId", "MasterId", "Quantity", "IsOrdered", "StoreId") VALUES ('1354', '4', '1097', '1.0', '1', '17');
INSERT INTO "main"."PyCommerce_carttransactions" ("Id", "ProductId", "MasterId", "Quantity", "IsOrdered", "StoreId") VALUES ('1355', '3', '1097', '1.0', '1', '17');
INSERT INTO "main"."PyCommerce_carttransactions" ("Id", "ProductId", "MasterId", "Quantity", "IsOrdered", "StoreId") VALUES ('2310', '1', '2095', '1.0', '1', '17');
INSERT INTO "main"."PyCommerce_carttransactions" ("Id", "ProductId", "MasterId", "Quantity", "IsOrdered", "StoreId") VALUES ('2311', '2', '2096', '1.0', '1', '17');
INSERT INTO "main"."PyCommerce_carttransactions" ("Id", "ProductId", "MasterId", "Quantity", "IsOrdered", "StoreId") VALUES ('2312', '4', '2096', '1.0', '1', '17');
INSERT INTO "main"."PyCommerce_carttransactions" ("Id", "ProductId", "MasterId", "Quantity", "IsOrdered", "StoreId") VALUES ('2313', '5', '2096', '1.0', '1', '17');
INSERT INTO "main"."PyCommerce_carttransactions" ("Id", "ProductId", "MasterId", "Quantity", "IsOrdered", "StoreId") VALUES ('2314', '6', '2097', '1.0', '1', '17');
INSERT INTO "main"."PyCommerce_carttransactions" ("Id", "ProductId", "MasterId", "Quantity", "IsOrdered", "StoreId") VALUES ('2315', '19', '2097', '1.0', '1', '17');
INSERT INTO "main"."PyCommerce_carttransactions" ("Id", "ProductId", "MasterId", "Quantity", "IsOrdered", "StoreId") VALUES ('2316', '3', '2098', '1.0', '1', '17');
INSERT INTO "main"."PyCommerce_carttransactions" ("Id", "ProductId", "MasterId", "Quantity", "IsOrdered", "StoreId") VALUES ('2317', '35', '2098', '1.0', '1', '17');
INSERT INTO "main"."PyCommerce_carttransactions" ("Id", "ProductId", "MasterId", "Quantity", "IsOrdered", "StoreId") VALUES ('2318', '2', '2099', '1.0', '1', '17');
INSERT INTO "main"."PyCommerce_carttransactions" ("Id", "ProductId", "MasterId", "Quantity", "IsOrdered", "StoreId") VALUES ('2319', '1', '2100', '1.0', '1', '17');
INSERT INTO "main"."PyCommerce_carttransactions" ("Id", "ProductId", "MasterId", "Quantity", "IsOrdered", "StoreId") VALUES ('2320', '2', '2100', '1.0', '1', '17');
INSERT INTO "main"."PyCommerce_carttransactions" ("Id", "ProductId", "MasterId", "Quantity", "IsOrdered", "StoreId") VALUES ('2321', '4', '2100', '1.0', '1', '17');
INSERT INTO "main"."PyCommerce_carttransactions" ("Id", "ProductId", "MasterId", "Quantity", "IsOrdered", "StoreId") VALUES ('2322', '5', '2100', '1.0', '1', '17');
INSERT INTO "main"."PyCommerce_carttransactions" ("Id", "ProductId", "MasterId", "Quantity", "IsOrdered", "StoreId") VALUES ('2323', '5', '2101', '1.0', '1', '17');
INSERT INTO "main"."PyCommerce_carttransactions" ("Id", "ProductId", "MasterId", "Quantity", "IsOrdered", "StoreId") VALUES ('2324', '6', '2101', '1.0', '1', '17');
INSERT INTO "main"."PyCommerce_carttransactions" ("Id", "ProductId", "MasterId", "Quantity", "IsOrdered", "StoreId") VALUES ('2325', '2', '2102', '1.0', '1', '17');
INSERT INTO "main"."PyCommerce_carttransactions" ("Id", "ProductId", "MasterId", "Quantity", "IsOrdered", "StoreId") VALUES ('2326', '21', '2103', '1.0', '1', '17');
INSERT INTO "main"."PyCommerce_carttransactions" ("Id", "ProductId", "MasterId", "Quantity", "IsOrdered", "StoreId") VALUES ('2327', '32', '2104', '1.0', '1', '17');
INSERT INTO "main"."PyCommerce_carttransactions" ("Id", "ProductId", "MasterId", "Quantity", "IsOrdered", "StoreId") VALUES ('2328', '2', '2105', '1.0', '1', '17');
INSERT INTO "main"."PyCommerce_carttransactions" ("Id", "ProductId", "MasterId", "Quantity", "IsOrdered", "StoreId") VALUES ('2329', '29', '2105', '1.0', '1', '17');
INSERT INTO "main"."PyCommerce_carttransactions" ("Id", "ProductId", "MasterId", "Quantity", "IsOrdered", "StoreId") VALUES ('3310', '1', '3095', '1.0', '1', '17');
INSERT INTO "main"."PyCommerce_carttransactions" ("Id", "ProductId", "MasterId", "Quantity", "IsOrdered", "StoreId") VALUES ('3311', '5', '3095', '1.0', '1', '17');
INSERT INTO "main"."PyCommerce_carttransactions" ("Id", "ProductId", "MasterId", "Quantity", "IsOrdered", "StoreId") VALUES ('3312', '36', '3095', '1.0', '1', '17');
INSERT INTO "main"."PyCommerce_carttransactions" ("Id", "ProductId", "MasterId", "Quantity", "IsOrdered", "StoreId") VALUES ('3313', '19', '3095', '1.0', '1', '17');
INSERT INTO "main"."PyCommerce_carttransactions" ("Id", "ProductId", "MasterId", "Quantity", "IsOrdered", "StoreId") VALUES ('3314', '1', '3096', '1.0', '1', '17');
INSERT INTO "main"."PyCommerce_carttransactions" ("Id", "ProductId", "MasterId", "Quantity", "IsOrdered", "StoreId") VALUES ('3315', '6', '3097', '1.0', '1', '17');
INSERT INTO "main"."PyCommerce_carttransactions" ("Id", "ProductId", "MasterId", "Quantity", "IsOrdered", "StoreId") VALUES ('3316', '4', '3097', '1.0', '1', '17');
INSERT INTO "main"."PyCommerce_carttransactions" ("Id", "ProductId", "MasterId", "Quantity", "IsOrdered", "StoreId") VALUES ('3317', '1', '3098', '1.0', '1', '17');
INSERT INTO "main"."PyCommerce_carttransactions" ("Id", "ProductId", "MasterId", "Quantity", "IsOrdered", "StoreId") VALUES ('3318', '25', '3099', '1.0', '1', '23');
INSERT INTO "main"."PyCommerce_carttransactions" ("Id", "ProductId", "MasterId", "Quantity", "IsOrdered", "StoreId") VALUES ('3319', '1', '3100', '1.0', '1', '17');
INSERT INTO "main"."PyCommerce_carttransactions" ("Id", "ProductId", "MasterId", "Quantity", "IsOrdered", "StoreId") VALUES ('3320', '1', '3101', '1.0', '1', '17');
INSERT INTO "main"."PyCommerce_carttransactions" ("Id", "ProductId", "MasterId", "Quantity", "IsOrdered", "StoreId") VALUES ('3321', '19', '3101', '1.0', '1', '23');
INSERT INTO "main"."PyCommerce_carttransactions" ("Id", "ProductId", "MasterId", "Quantity", "IsOrdered", "StoreId") VALUES ('3322', '1', '3102', '1.0', '1', '17');
INSERT INTO "main"."PyCommerce_carttransactions" ("Id", "ProductId", "MasterId", "Quantity", "IsOrdered", "StoreId") VALUES ('3323', '5', '3102', '1.0', '1', '17');
INSERT INTO "main"."PyCommerce_carttransactions" ("Id", "ProductId", "MasterId", "Quantity", "IsOrdered", "StoreId") VALUES ('3324', '25', '3103', '1.0', '1', '23');
INSERT INTO "main"."PyCommerce_carttransactions" ("Id", "ProductId", "MasterId", "Quantity", "IsOrdered", "StoreId") VALUES ('3325', '35', '3104', '1.0', '1', '23');
INSERT INTO "main"."PyCommerce_carttransactions" ("Id", "ProductId", "MasterId", "Quantity", "IsOrdered", "StoreId") VALUES ('3326', '19', '3105', '1.0', '1', '25');
INSERT INTO "main"."PyCommerce_carttransactions" ("Id", "ProductId", "MasterId", "Quantity", "IsOrdered", "StoreId") VALUES ('3327', '1', '3106', '2.0', '1', '17');
INSERT INTO "main"."PyCommerce_carttransactions" ("Id", "ProductId", "MasterId", "Quantity", "IsOrdered", "StoreId") VALUES ('3328', '5', '3106', '2.0', '1', '17');
INSERT INTO "main"."PyCommerce_carttransactions" ("Id", "ProductId", "MasterId", "Quantity", "IsOrdered", "StoreId") VALUES ('3329', '1', '3107', '1.0', '1', '17');
INSERT INTO "main"."PyCommerce_carttransactions" ("Id", "ProductId", "MasterId", "Quantity", "IsOrdered", "StoreId") VALUES ('3331', '19', '3109', '1.0', '1', '17');
INSERT INTO "main"."PyCommerce_carttransactions" ("Id", "ProductId", "MasterId", "Quantity", "IsOrdered", "StoreId") VALUES ('3332', '1', '3109', '1.0', '1', '17');
INSERT INTO "main"."PyCommerce_carttransactions" ("Id", "ProductId", "MasterId", "Quantity", "IsOrdered", "StoreId") VALUES ('3333', '19', '78', '1.0', '1', '17');
INSERT INTO "main"."PyCommerce_carttransactions" ("Id", "ProductId", "MasterId", "Quantity", "IsOrdered", "StoreId") VALUES ('3334', '9', '78', '1.0', '1', '23');
INSERT INTO "main"."PyCommerce_carttransactions" ("Id", "ProductId", "MasterId", "Quantity", "IsOrdered", "StoreId") VALUES ('3335', '5', '78', '1.0', '1', '17');
INSERT INTO "main"."PyCommerce_carttransactions" ("Id", "ProductId", "MasterId", "Quantity", "IsOrdered", "StoreId") VALUES ('3336', '19', '3110', '1.0', '1', '25');
INSERT INTO "main"."PyCommerce_carttransactions" ("Id", "ProductId", "MasterId", "Quantity", "IsOrdered", "StoreId") VALUES ('3337', '33', '3111', '1.0', '1', '23');
INSERT INTO "main"."PyCommerce_carttransactions" ("Id", "ProductId", "MasterId", "Quantity", "IsOrdered", "StoreId") VALUES ('3338', '19', '3112', '1.0', '1', '25');
INSERT INTO "main"."PyCommerce_carttransactions" ("Id", "ProductId", "MasterId", "Quantity", "IsOrdered", "StoreId") VALUES ('3339', '3', '3107', '1.0', '1', '17');
INSERT INTO "main"."PyCommerce_carttransactions" ("Id", "ProductId", "MasterId", "Quantity", "IsOrdered", "StoreId") VALUES ('3340', '19', '3113', '1.0', '1', '17');
INSERT INTO "main"."PyCommerce_carttransactions" ("Id", "ProductId", "MasterId", "Quantity", "IsOrdered", "StoreId") VALUES ('3341', '1025', '3114', '1.0', '1', '17');
INSERT INTO "main"."PyCommerce_carttransactions" ("Id", "ProductId", "MasterId", "Quantity", "IsOrdered", "StoreId") VALUES ('3342', '1029', '3114', '1.0', '1', '17');
INSERT INTO "main"."PyCommerce_carttransactions" ("Id", "ProductId", "MasterId", "Quantity", "IsOrdered", "StoreId") VALUES ('3343', '19', '3115', '3.0', '1', '25');
INSERT INTO "main"."PyCommerce_carttransactions" ("Id", "ProductId", "MasterId", "Quantity", "IsOrdered", "StoreId") VALUES ('3345', '19', '3116', '1.0', '1', '17');
INSERT INTO "main"."PyCommerce_carttransactions" ("Id", "ProductId", "MasterId", "Quantity", "IsOrdered", "StoreId") VALUES ('3347', '9', '3121', '1.0', '1', '17');
INSERT INTO "main"."PyCommerce_carttransactions" ("Id", "ProductId", "MasterId", "Quantity", "IsOrdered", "StoreId") VALUES ('3348', '10', '3122', '1.0', '1', '17');
INSERT INTO "main"."PyCommerce_carttransactions" ("Id", "ProductId", "MasterId", "Quantity", "IsOrdered", "StoreId") VALUES ('3350', '2', '1095', '1.0', '1', '23');
INSERT INTO "main"."PyCommerce_carttransactions" ("Id", "ProductId", "MasterId", "Quantity", "IsOrdered", "StoreId") VALUES ('3352', '19', '3124', '1.0', '1', '17');
INSERT INTO "main"."PyCommerce_carttransactions" ("Id", "ProductId", "MasterId", "Quantity", "IsOrdered", "StoreId") VALUES ('3353', '1', '3125', '1.0', '', '17');
INSERT INTO "main"."PyCommerce_carttransactions" ("Id", "ProductId", "MasterId", "Quantity", "IsOrdered", "StoreId") VALUES ('3354', '6', '3126', '1.0', '', '17');
INSERT INTO "main"."PyCommerce_carttransactions" ("Id", "ProductId", "MasterId", "Quantity", "IsOrdered", "StoreId") VALUES ('3388', '1', '3123', '2.0', '1', '17');
INSERT INTO "main"."PyCommerce_carttransactions" ("Id", "ProductId", "MasterId", "Quantity", "IsOrdered", "StoreId") VALUES ('3389', '2', '3123', '1.0', '1', '17');
INSERT INTO "main"."PyCommerce_carttransactions" ("Id", "ProductId", "MasterId", "Quantity", "IsOrdered", "StoreId") VALUES ('3414', '9', '3140', '1.0', '', '17');
INSERT INTO "main"."PyCommerce_carttransactions" ("Id", "ProductId", "MasterId", "Quantity", "IsOrdered", "StoreId") VALUES ('3418', '5', '3141', '1.0', '1', '17');
INSERT INTO "main"."PyCommerce_carttransactions" ("Id", "ProductId", "MasterId", "Quantity", "IsOrdered", "StoreId") VALUES ('3419', '1', '3141', '2.0', '1', '17');
INSERT INTO "main"."PyCommerce_carttransactions" ("Id", "ProductId", "MasterId", "Quantity", "IsOrdered", "StoreId") VALUES ('3420', '1', '3115', '1.0', '1', '17');
INSERT INTO "main"."PyCommerce_carttransactions" ("Id", "ProductId", "MasterId", "Quantity", "IsOrdered", "StoreId") VALUES ('3421', '5', '3115', '1.0', '1', '17');
INSERT INTO "main"."PyCommerce_carttransactions" ("Id", "ProductId", "MasterId", "Quantity", "IsOrdered", "StoreId") VALUES ('3422', '2', '3142', '1.0', '', '17');
INSERT INTO "main"."PyCommerce_carttransactions" ("Id", "ProductId", "MasterId", "Quantity", "IsOrdered", "StoreId") VALUES ('3434', '2', '3139', '1.0', '1', '17');
INSERT INTO "main"."PyCommerce_carttransactions" ("Id", "ProductId", "MasterId", "Quantity", "IsOrdered", "StoreId") VALUES ('3436', '1', '', '15.0', '', '17');
INSERT INTO "main"."PyCommerce_carttransactions" ("Id", "ProductId", "MasterId", "Quantity", "IsOrdered", "StoreId") VALUES ('3441', '19', '3144', '1.0', '1', '17');
INSERT INTO "main"."PyCommerce_carttransactions" ("Id", "ProductId", "MasterId", "Quantity", "IsOrdered", "StoreId") VALUES ('3442', '1', '3145', '1.0', '1', '17');
INSERT INTO "main"."PyCommerce_carttransactions" ("Id", "ProductId", "MasterId", "Quantity", "IsOrdered", "StoreId") VALUES ('3443', '2', '', '2.0', '', '17');
INSERT INTO "main"."PyCommerce_carttransactions" ("Id", "ProductId", "MasterId", "Quantity", "IsOrdered", "StoreId") VALUES ('3449', '1', '3143', '9.0', '', '17');
INSERT INTO "main"."PyCommerce_carttransactions" ("Id", "ProductId", "MasterId", "Quantity", "IsOrdered", "StoreId") VALUES ('3450', '1', '3148', '4.0', '', '17');
INSERT INTO "main"."PyCommerce_carttransactions" ("Id", "ProductId", "MasterId", "Quantity", "IsOrdered", "StoreId") VALUES ('3452', '2', '3147', '1.0', '1', '17');
INSERT INTO "main"."PyCommerce_carttransactions" ("Id", "ProductId", "MasterId", "Quantity", "IsOrdered", "StoreId") VALUES ('3453', '1', '3149', '2.0', '1', '17');
INSERT INTO "main"."PyCommerce_carttransactions" ("Id", "ProductId", "MasterId", "Quantity", "IsOrdered", "StoreId") VALUES ('3454', '1', '3150', '1.0', '1', '17');
INSERT INTO "main"."PyCommerce_carttransactions" ("Id", "ProductId", "MasterId", "Quantity", "IsOrdered", "StoreId") VALUES ('3455', '1', '3151', '1.0', '1', '17');
INSERT INTO "main"."PyCommerce_carttransactions" ("Id", "ProductId", "MasterId", "Quantity", "IsOrdered", "StoreId") VALUES ('3456', '1', '3152', '1.0', '1', '17');
INSERT INTO "main"."PyCommerce_carttransactions" ("Id", "ProductId", "MasterId", "Quantity", "IsOrdered", "StoreId") VALUES ('3457', '2', '3153', '1.0', '1', '17');
INSERT INTO "main"."PyCommerce_carttransactions" ("Id", "ProductId", "MasterId", "Quantity", "IsOrdered", "StoreId") VALUES ('3469', '1', '3154', '1.0', '1', '17');
INSERT INTO "main"."PyCommerce_carttransactions" ("Id", "ProductId", "MasterId", "Quantity", "IsOrdered", "StoreId") VALUES ('3471', '7', '3155', '1.0', '1', '17');
INSERT INTO "main"."PyCommerce_carttransactions" ("Id", "ProductId", "MasterId", "Quantity", "IsOrdered", "StoreId") VALUES ('3472', '7', '3156', '1.0', '1', '17');
INSERT INTO "main"."PyCommerce_carttransactions" ("Id", "ProductId", "MasterId", "Quantity", "IsOrdered", "StoreId") VALUES ('3473', '7', '3157', '1.0', '1', '17');
INSERT INTO "main"."PyCommerce_carttransactions" ("Id", "ProductId", "MasterId", "Quantity", "IsOrdered", "StoreId") VALUES ('3474', '8', '3158', '1.0', '1', '17');
INSERT INTO "main"."PyCommerce_carttransactions" ("Id", "ProductId", "MasterId", "Quantity", "IsOrdered", "StoreId") VALUES ('3475', '24', '3159', '1.0', '1', '17');
INSERT INTO "main"."PyCommerce_carttransactions" ("Id", "ProductId", "MasterId", "Quantity", "IsOrdered", "StoreId") VALUES ('3477', '29', '3108', '1.0', '1', '23');
INSERT INTO "main"."PyCommerce_carttransactions" ("Id", "ProductId", "MasterId", "Quantity", "IsOrdered", "StoreId") VALUES ('4449', '7', '4148', '1.0', '1', '17');
INSERT INTO "main"."PyCommerce_carttransactions" ("Id", "ProductId", "MasterId", "Quantity", "IsOrdered", "StoreId") VALUES ('4450', '34', '4149', '1.0', '1', '17');
INSERT INTO "main"."PyCommerce_carttransactions" ("Id", "ProductId", "MasterId", "Quantity", "IsOrdered", "StoreId") VALUES ('4452', '8', '4150', '1.0', '1', '17');
INSERT INTO "main"."PyCommerce_carttransactions" ("Id", "ProductId", "MasterId", "Quantity", "IsOrdered", "StoreId") VALUES ('4453', '1', '4151', '1.0', '1', '17');
INSERT INTO "main"."PyCommerce_carttransactions" ("Id", "ProductId", "MasterId", "Quantity", "IsOrdered", "StoreId") VALUES ('4454', '5', '4152', '1.0', '1', '17');
INSERT INTO "main"."PyCommerce_carttransactions" ("Id", "ProductId", "MasterId", "Quantity", "IsOrdered", "StoreId") VALUES ('4455', '6', '4153', '1.0', '1', '17');
INSERT INTO "main"."PyCommerce_carttransactions" ("Id", "ProductId", "MasterId", "Quantity", "IsOrdered", "StoreId") VALUES ('4456', '10', '4154', '1.0', '1', '17');
INSERT INTO "main"."PyCommerce_carttransactions" ("Id", "ProductId", "MasterId", "Quantity", "IsOrdered", "StoreId") VALUES ('4457', '11', '', '4.0', '', '17');
INSERT INTO "main"."PyCommerce_carttransactions" ("Id", "ProductId", "MasterId", "Quantity", "IsOrdered", "StoreId") VALUES ('4458', '11', '4159', '1.0', '1', '17');
INSERT INTO "main"."PyCommerce_carttransactions" ("Id", "ProductId", "MasterId", "Quantity", "IsOrdered", "StoreId") VALUES ('4460', '12', '4160', '1.0', '1', '17');
INSERT INTO "main"."PyCommerce_carttransactions" ("Id", "ProductId", "MasterId", "Quantity", "IsOrdered", "StoreId") VALUES ('4462', '10', '4161', '1.0', '1', '17');
INSERT INTO "main"."PyCommerce_carttransactions" ("Id", "ProductId", "MasterId", "Quantity", "IsOrdered", "StoreId") VALUES ('4463', '9', '4162', '1.0', '1', '17');
INSERT INTO "main"."PyCommerce_carttransactions" ("Id", "ProductId", "MasterId", "Quantity", "IsOrdered", "StoreId") VALUES ('4464', '1', '4162', '1.0', '1', '17');
INSERT INTO "main"."PyCommerce_carttransactions" ("Id", "ProductId", "MasterId", "Quantity", "IsOrdered", "StoreId") VALUES ('4466', '35', '3144', '1.0', '1', '17');
INSERT INTO "main"."PyCommerce_carttransactions" ("Id", "ProductId", "MasterId", "Quantity", "IsOrdered", "StoreId") VALUES ('4467', '2', '4163', '5.0', '1', '17');
INSERT INTO "main"."PyCommerce_carttransactions" ("Id", "ProductId", "MasterId", "Quantity", "IsOrdered", "StoreId") VALUES ('4468', '13', '4164', '1.0', '1', '17');
INSERT INTO "main"."PyCommerce_carttransactions" ("Id", "ProductId", "MasterId", "Quantity", "IsOrdered", "StoreId") VALUES ('4475', '6', '4166', '1.0', '1', '17');
INSERT INTO "main"."PyCommerce_carttransactions" ("Id", "ProductId", "MasterId", "Quantity", "IsOrdered", "StoreId") VALUES ('4476', '4', '4166', '1.0', '1', '17');
INSERT INTO "main"."PyCommerce_carttransactions" ("Id", "ProductId", "MasterId", "Quantity", "IsOrdered", "StoreId") VALUES ('4477', '5', '4166', '1.0', '1', '17');
INSERT INTO "main"."PyCommerce_carttransactions" ("Id", "ProductId", "MasterId", "Quantity", "IsOrdered", "StoreId") VALUES ('4478', '1', '4165', '1.0', '', '17');
INSERT INTO "main"."PyCommerce_carttransactions" ("Id", "ProductId", "MasterId", "Quantity", "IsOrdered", "StoreId") VALUES ('4479', '5', '4165', '1.0', '', '17');
INSERT INTO "main"."PyCommerce_carttransactions" ("Id", "ProductId", "MasterId", "Quantity", "IsOrdered", "StoreId") VALUES ('4480', '19', '4167', '1.0', '1', '17');
INSERT INTO "main"."PyCommerce_carttransactions" ("Id", "ProductId", "MasterId", "Quantity", "IsOrdered", "StoreId") VALUES ('4482', '19', '4168', '1.0', '1', '17');
INSERT INTO "main"."PyCommerce_carttransactions" ("Id", "ProductId", "MasterId", "Quantity", "IsOrdered", "StoreId") VALUES ('4483', '13', '4168', '1.0', '1', '17');
INSERT INTO "main"."PyCommerce_carttransactions" ("Id", "ProductId", "MasterId", "Quantity", "IsOrdered", "StoreId") VALUES ('4484', '1', '4169', '1.0', '1', '17');
INSERT INTO "main"."PyCommerce_carttransactions" ("Id", "ProductId", "MasterId", "Quantity", "IsOrdered", "StoreId") VALUES ('4485', '19', '4169', '1.0', '1', '17');
INSERT INTO "main"."PyCommerce_carttransactions" ("Id", "ProductId", "MasterId", "Quantity", "IsOrdered", "StoreId") VALUES ('4486', '1', '4170', '1.0', '1', '17');
INSERT INTO "main"."PyCommerce_carttransactions" ("Id", "ProductId", "MasterId", "Quantity", "IsOrdered", "StoreId") VALUES ('4487', '34', '4170', '1.0', '1', '23');
INSERT INTO "main"."PyCommerce_carttransactions" ("Id", "ProductId", "MasterId", "Quantity", "IsOrdered", "StoreId") VALUES ('4490', '1', '4172', '2.0', '', '17');
INSERT INTO "main"."PyCommerce_carttransactions" ("Id", "ProductId", "MasterId", "Quantity", "IsOrdered", "StoreId") VALUES ('4491', '10', '4171', '1.0', '1', '17');
INSERT INTO "main"."PyCommerce_carttransactions" ("Id", "ProductId", "MasterId", "Quantity", "IsOrdered", "StoreId") VALUES ('4492', '19', '4173', '1.0', '1', '17');
INSERT INTO "main"."PyCommerce_carttransactions" ("Id", "ProductId", "MasterId", "Quantity", "IsOrdered", "StoreId") VALUES ('4493', '1', '4174', '1.0', '', '17');

INSERT INTO "main"."PyCommerce_categories" ("Id", "MainCategoryId", "NameA", "NameL", "Level", "ImageUrl") VALUES ('1', '', 'كمبيوتر وشبكات', 'Computers & Networking', '1', 'https://www.pcspecialist.co.uk/images/landing/home/pc-lineup2.png');
INSERT INTO "main"."PyCommerce_categories" ("Id", "MainCategoryId", "NameA", "NameL", "Level", "ImageUrl") VALUES ('2', '', 'موبايلات وتابلت', 'Mobiles & Tablets', '1', 'https://techspace.repair/wp-content/uploads/2019/06/tabletsmain.png');
INSERT INTO "main"."PyCommerce_categories" ("Id", "MainCategoryId", "NameA", "NameL", "Level", "ImageUrl") VALUES ('3', '', 'الكترونيات', 'Electronics', '1', 'https://margielaw.weebly.com/uploads/6/1/5/4/61546281/776066.jpg?504');
INSERT INTO "main"."PyCommerce_categories" ("Id", "MainCategoryId", "NameA", "NameL", "Level", "ImageUrl") VALUES ('4', '1', 'لابتوب', 'Laptops & Notebooks', '2', '');
INSERT INTO "main"."PyCommerce_categories" ("Id", "MainCategoryId", "NameA", "NameL", "Level", "ImageUrl") VALUES ('5', '1', 'ديسكتوب', 'Desktop Computers', '2', '');
INSERT INTO "main"."PyCommerce_categories" ("Id", "MainCategoryId", "NameA", "NameL", "Level", "ImageUrl") VALUES ('6', '2', 'موبايل', 'Mobiles', '2', '');
INSERT INTO "main"."PyCommerce_categories" ("Id", "MainCategoryId", "NameA", "NameL", "Level", "ImageUrl") VALUES ('7', '2', 'تابلت', 'Tablets', '2', '');
INSERT INTO "main"."PyCommerce_categories" ("Id", "MainCategoryId", "NameA", "NameL", "Level", "ImageUrl") VALUES ('8', '3', 'تليفزيون', 'TV', '2', '');
INSERT INTO "main"."PyCommerce_categories" ("Id", "MainCategoryId", "NameA", "NameL", "Level", "ImageUrl") VALUES ('9', '1030', 'دفايات', 'Heaters', '2', '');
INSERT INTO "main"."PyCommerce_categories" ("Id", "MainCategoryId", "NameA", "NameL", "Level", "ImageUrl") VALUES ('25', '1', 'يو اس بى', 'USB Flash Memory', '2', '');
INSERT INTO "main"."PyCommerce_categories" ("Id", "MainCategoryId", "NameA", "NameL", "Level", "ImageUrl") VALUES ('26', '', 'ساعات ومجوهرات', 'Watches & Jewllery', '1', 'https://images-na.ssl-images-amazon.com/images/I/814Ijscss3L._UL1500_.jpg');
INSERT INTO "main"."PyCommerce_categories" ("Id", "MainCategoryId", "NameA", "NameL", "Level", "ImageUrl") VALUES ('1012', '', 'ألعاب', 'Games & Toys', '1', 'https://www.poundwholesale.co.uk/media/catalog/PyCommerce_categories/PyCommerce_categories-image-Toys_1.jpg');
INSERT INTO "main"."PyCommerce_categories" ("Id", "MainCategoryId", "NameA", "NameL", "Level", "ImageUrl") VALUES ('1013', '1012', 'العاب فيديو', 'Video Games', '2', '');
INSERT INTO "main"."PyCommerce_categories" ("Id", "MainCategoryId", "NameA", "NameL", "Level", "ImageUrl") VALUES ('1035', '2', 'اكسسوار موبايل', 'Mobiles Accessories', '2', '');
INSERT INTO "main"."PyCommerce_categories" ("Id", "MainCategoryId", "NameA", "NameL", "Level", "ImageUrl") VALUES ('1036', '2', 'اكسسوار تابلت', 'Tablet Accessories', '2', '');
INSERT INTO "main"."PyCommerce_categories" ("Id", "MainCategoryId", "NameA", "NameL", "Level", "ImageUrl") VALUES ('1038', '1012', 'اجهزة العاب', 'Games Consoles', '2', '');
INSERT INTO "main"."PyCommerce_categories" ("Id", "MainCategoryId", "NameA", "NameL", "Level", "ImageUrl") VALUES ('1039', '1030', 'تكييف', 'Air Conditio', '2', '');
INSERT INTO "main"."PyCommerce_categories" ("Id", "MainCategoryId", "NameA", "NameL", "Level", "ImageUrl") VALUES ('1040', '1012', 'اكسسوارات العاب', 'Games Accessories', '2', '');
INSERT INTO "main"."PyCommerce_categories" ("Id", "MainCategoryId", "NameA", "NameL", "Level", "ImageUrl") VALUES ('1041', '1030', 'ثلاجات وفريزر', 'Refrigerators & Freezers', '2', '');
INSERT INTO "main"."PyCommerce_categories" ("Id", "MainCategoryId", "NameA", "NameL", "Level", "ImageUrl") VALUES ('1042', '2', 'باور بانك', 'Power Bank', '2', '');
INSERT INTO "main"."PyCommerce_categories" ("Id", "MainCategoryId", "NameA", "NameL", "Level", "ImageUrl") VALUES ('1045', '1030', 'غسالات', 'Washing Machines', '2', '');
INSERT INTO "main"."PyCommerce_categories" ("Id", "MainCategoryId", "NameA", "NameL", "Level", "ImageUrl") VALUES ('1054', '', 'المنزل والمطبخ والمعدات', 'Home, Kitchen and Tools ', '1', 'https://images.pexels.com/photos/2724748/pexels-photo-2724748.jpeg?auto=compress&cs=tinysrgb&dpr=2&h=750&w=1260');
INSERT INTO "main"."PyCommerce_categories" ("Id", "MainCategoryId", "NameA", "NameL", "Level", "ImageUrl") VALUES ('1055', '', 'الموضة', 'Fashio', '1', 'https://unicphscat.blob.core.windows.net/images-prd/s0000753.png');
INSERT INTO "main"."PyCommerce_categories" ("Id", "MainCategoryId", "NameA", "NameL", "Level", "ImageUrl") VALUES ('1056', '', 'مستلزمات الأطفال', 'Baby Accessories', '1', 'https://images-na.ssl-images-amazon.com/images/I/91in27o0rcL._UL1500_.jpg');
INSERT INTO "main"."PyCommerce_categories" ("Id", "MainCategoryId", "NameA", "NameL", "Level", "ImageUrl") VALUES ('1057', '', 'الصحة والجمال', 'Health & Beauty', '1', 'https://www.studentaffairs.iastate.edu/wp-content/uploads/2016/09/wellness-wheel.jpg');
INSERT INTO "main"."PyCommerce_categories" ("Id", "MainCategoryId", "NameA", "NameL", "Level", "ImageUrl") VALUES ('1058', '', 'أدوات رياضية', 'Sports & Fitness', '1', 'https://www.armaghbanbridgecraigavon.gov.uk/wp-content/uploads/2019/04/sportsballs1.png');
INSERT INTO "main"."PyCommerce_categories" ("Id", "MainCategoryId", "NameA", "NameL", "Level", "ImageUrl") VALUES ('1059', '1', 'هارد ديسك', 'Hard Disk', '2', '');
INSERT INTO "main"."PyCommerce_categories" ("Id", "MainCategoryId", "NameA", "NameL", "Level", "ImageUrl") VALUES ('1060', '1', 'شنط لابتوب', 'Bags & Carry Cases', '2', '');
INSERT INTO "main"."PyCommerce_categories" ("Id", "MainCategoryId", "NameA", "NameL", "Level", "ImageUrl") VALUES ('1061', '1', 'برامج', 'Software', '2', '');
INSERT INTO "main"."PyCommerce_categories" ("Id", "MainCategoryId", "NameA", "NameL", "Level", "ImageUrl") VALUES ('1062', '1', 'لوحات مفاتيح', 'Keyboads', '2', '');
INSERT INTO "main"."PyCommerce_categories" ("Id", "MainCategoryId", "NameA", "NameL", "Level", "ImageUrl") VALUES ('1063', '1', 'ماوس', 'Mouse', '2', '');
INSERT INTO "main"."PyCommerce_categories" ("Id", "MainCategoryId", "NameA", "NameL", "Level", "ImageUrl") VALUES ('1064', '1', 'طابعات', 'Printers', '2', '');
INSERT INTO "main"."PyCommerce_categories" ("Id", "MainCategoryId", "NameA", "NameL", "Level", "ImageUrl") VALUES ('1065', '1', 'سكانر', 'Scanners', '2', '');
INSERT INTO "main"."PyCommerce_categories" ("Id", "MainCategoryId", "NameA", "NameL", "Level", "ImageUrl") VALUES ('1066', '1', 'سماعات', 'Speaksers', '2', '');
INSERT INTO "main"."PyCommerce_categories" ("Id", "MainCategoryId", "NameA", "NameL", "Level", "ImageUrl") VALUES ('1067', '1', 'يو بى اس', 'UPS', '2', '');
INSERT INTO "main"."PyCommerce_categories" ("Id", "MainCategoryId", "NameA", "NameL", "Level", "ImageUrl") VALUES ('1068', '1', 'شبكات', 'Networks', '2', '');
INSERT INTO "main"."PyCommerce_categories" ("Id", "MainCategoryId", "NameA", "NameL", "Level", "ImageUrl") VALUES ('1069', '3', 'ريسيفر ودش', 'Sattelite Receivers', '2', '');
INSERT INTO "main"."PyCommerce_categories" ("Id", "MainCategoryId", "NameA", "NameL", "Level", "ImageUrl") VALUES ('1070', '3', 'اكسسوارات تليفزيون وريسيفر', 'TV and Sattelite Accessories', '2', '');
INSERT INTO "main"."PyCommerce_categories" ("Id", "MainCategoryId", "NameA", "NameL", "Level", "ImageUrl") VALUES ('1071', '3', 'بروجيكتور', 'Projectors', '2', '');
INSERT INTO "main"."PyCommerce_categories" ("Id", "MainCategoryId", "NameA", "NameL", "Level", "ImageUrl") VALUES ('1072', '3', 'كاميرات', 'Cameras Accessories', '2', '');
INSERT INTO "main"."PyCommerce_categories" ("Id", "MainCategoryId", "NameA", "NameL", "Level", "ImageUrl") VALUES ('1073', '3', 'أدوات صوت', 'Audio', '2', '');
INSERT INTO "main"."PyCommerce_categories" ("Id", "MainCategoryId", "NameA", "NameL", "Level", "ImageUrl") VALUES ('1074', '3', 'أنظمة مراقبة', 'Security & Surveillance', '2', '');
INSERT INTO "main"."PyCommerce_categories" ("Id", "MainCategoryId", "NameA", "NameL", "Level", "ImageUrl") VALUES ('1075', '1030', 'مكاوى', 'Iro', '2', '');
INSERT INTO "main"."PyCommerce_categories" ("Id", "MainCategoryId", "NameA", "NameL", "Level", "ImageUrl") VALUES ('1076', '1030', 'ادوات مطبخ', 'Kitchen Appliances', '2', '');
INSERT INTO "main"."PyCommerce_categories" ("Id", "MainCategoryId", "NameA", "NameL", "Level", "ImageUrl") VALUES ('1077', '1030', 'سخانات مياه', 'Water Heaters', '2', '');
INSERT INTO "main"."PyCommerce_categories" ("Id", "MainCategoryId", "NameA", "NameL", "Level", "ImageUrl") VALUES ('1078', '26', 'ساعات عادية رجالى', 'Men Casual Watches', '2', '');
INSERT INTO "main"."PyCommerce_categories" ("Id", "MainCategoryId", "NameA", "NameL", "Level", "ImageUrl") VALUES ('1079', '26', 'ساعات عادية حريمى', 'Women Casual Watches', '2', '');
INSERT INTO "main"."PyCommerce_categories" ("Id", "MainCategoryId", "NameA", "NameL", "Level", "ImageUrl") VALUES ('1080', '26', 'ساعات رسمية رجالى', 'Men Dress Watches', '2', '');
INSERT INTO "main"."PyCommerce_categories" ("Id", "MainCategoryId", "NameA", "NameL", "Level", "ImageUrl") VALUES ('1081', '26', 'ساعات رسمية حريمى', 'Women Dress Watches', '2', '');
INSERT INTO "main"."PyCommerce_categories" ("Id", "MainCategoryId", "NameA", "NameL", "Level", "ImageUrl") VALUES ('1082', '26', 'ساعات رياضية رجالى', 'Men Sport Watches', '2', '');
INSERT INTO "main"."PyCommerce_categories" ("Id", "MainCategoryId", "NameA", "NameL", "Level", "ImageUrl") VALUES ('1083', '26', 'ساعات رياضية حريمى', 'Women Sport Watches', '2', '');
INSERT INTO "main"."PyCommerce_categories" ("Id", "MainCategoryId", "NameA", "NameL", "Level", "ImageUrl") VALUES ('1084', '26', 'خواتم', 'Rings', '2', '');
INSERT INTO "main"."PyCommerce_categories" ("Id", "MainCategoryId", "NameA", "NameL", "Level", "ImageUrl") VALUES ('1085', '26', 'حلقان', 'Earrings', '2', '');
INSERT INTO "main"."PyCommerce_categories" ("Id", "MainCategoryId", "NameA", "NameL", "Level", "ImageUrl") VALUES ('1086', '26', 'اساور', 'Braclets', '2', '');
INSERT INTO "main"."PyCommerce_categories" ("Id", "MainCategoryId", "NameA", "NameL", "Level", "ImageUrl") VALUES ('1087', '26', 'قلائد وأساور', 'Necklaces & Bracelets', '2', '');
INSERT INTO "main"."PyCommerce_categories" ("Id", "MainCategoryId", "NameA", "NameL", "Level", "ImageUrl") VALUES ('1088', '', 'لعب أطفال', 'Toys', '2', '');
INSERT INTO "main"."PyCommerce_categories" ("Id", "MainCategoryId", "NameA", "NameL", "Level", "ImageUrl") VALUES ('1089', '1054', 'اوانى الطبخ', 'Cookware', '2', '');
INSERT INTO "main"."PyCommerce_categories" ("Id", "MainCategoryId", "NameA", "NameL", "Level", "ImageUrl") VALUES ('1090', '1054', 'اوانى الخبز', 'Bakeware', '2', '');
INSERT INTO "main"."PyCommerce_categories" ("Id", "MainCategoryId", "NameA", "NameL", "Level", "ImageUrl") VALUES ('1091', '1054', 'اجهزة مطبخ', 'Kitchen Appliances', '2', '');
INSERT INTO "main"."PyCommerce_categories" ("Id", "MainCategoryId", "NameA", "NameL", "Level", "ImageUrl") VALUES ('1092', '1054', 'وحدات التخزين وتنظيم المطبخ', 'Kitchen Storage & Organizatio', '2', '');
INSERT INTO "main"."PyCommerce_categories" ("Id", "MainCategoryId", "NameA", "NameL", "Level", "ImageUrl") VALUES ('1093', '1054', 'ادوات واوانى المطبخ', 'Kitchen Tools & Utensils', '2', '');
INSERT INTO "main"."PyCommerce_categories" ("Id", "MainCategoryId", "NameA", "NameL", "Level", "ImageUrl") VALUES ('1094', '1054', 'اغطية المطبخ والطاولة', 'Kitchen & Table Linens', '2', '');
INSERT INTO "main"."PyCommerce_categories" ("Id", "MainCategoryId", "NameA", "NameL", "Level", "ImageUrl") VALUES ('1095', '1054', 'اوانى الطعام', 'Dinnerware', '2', '');
INSERT INTO "main"."PyCommerce_categories" ("Id", "MainCategoryId", "NameA", "NameL", "Level", "ImageUrl") VALUES ('1096', '1054', 'ادوات المائدة والاطباق', 'Cutlery & Flatware', '2', '');
INSERT INTO "main"."PyCommerce_categories" ("Id", "MainCategoryId", "NameA", "NameL", "Level", "ImageUrl") VALUES ('1097', '1054', 'الاوانى الزجاجية', 'Glassware & Drinkware', '2', '');
INSERT INTO "main"."PyCommerce_categories" ("Id", "MainCategoryId", "NameA", "NameL", "Level", "ImageUrl") VALUES ('1098', '1054', 'اوانى الضيافة', 'Serveware', '2', '');
INSERT INTO "main"."PyCommerce_categories" ("Id", "MainCategoryId", "NameA", "NameL", "Level", "ImageUrl") VALUES ('1099', '1054', 'اكسسوارات الطاولة', 'Tabletop Accessories', '2', '');
INSERT INTO "main"."PyCommerce_categories" ("Id", "MainCategoryId", "NameA", "NameL", "Level", "ImageUrl") VALUES ('1101', '1055', 'ملابس حريمى', 'Women Tops', '2', '');
INSERT INTO "main"."PyCommerce_categories" ("Id", "MainCategoryId", "NameA", "NameL", "Level", "ImageUrl") VALUES ('1102', '1055', 'ملابس رجالى', 'Men Tops', '2', '');
INSERT INTO "main"."PyCommerce_categories" ("Id", "MainCategoryId", "NameA", "NameL", "Level", "ImageUrl") VALUES ('1103', '1055', 'بنطلونات رجال', 'Men Pants', '2', '');
INSERT INTO "main"."PyCommerce_categories" ("Id", "MainCategoryId", "NameA", "NameL", "Level", "ImageUrl") VALUES ('1104', '1055', 'تنانير', 'Skirts', '2', '');
INSERT INTO "main"."PyCommerce_categories" ("Id", "MainCategoryId", "NameA", "NameL", "Level", "ImageUrl") VALUES ('1105', '1055', 'فساتين', 'Dresses', '2', '');
INSERT INTO "main"."PyCommerce_categories" ("Id", "MainCategoryId", "NameA", "NameL", "Level", "ImageUrl") VALUES ('1106', '1055', 'اكسسورات ملابس', 'Accessories', '2', '');
INSERT INTO "main"."PyCommerce_categories" ("Id", "MainCategoryId", "NameA", "NameL", "Level", "ImageUrl") VALUES ('1107', '1055', 'احذية حريمى', 'Women Shoes', '2', '');
INSERT INTO "main"."PyCommerce_categories" ("Id", "MainCategoryId", "NameA", "NameL", "Level", "ImageUrl") VALUES ('1108', '1055', 'احذية رجالى', 'Men Shoes', '2', '');
INSERT INTO "main"."PyCommerce_categories" ("Id", "MainCategoryId", "NameA", "NameL", "Level", "ImageUrl") VALUES ('1109', '1055', 'صنادل', 'Sandals', '2', '');
INSERT INTO "main"."PyCommerce_categories" ("Id", "MainCategoryId", "NameA", "NameL", "Level", "ImageUrl") VALUES ('1110', '1055', 'بوت', 'Boots', '2', '');
INSERT INTO "main"."PyCommerce_categories" ("Id", "MainCategoryId", "NameA", "NameL", "Level", "ImageUrl") VALUES ('1111', '1055', 'شنط', 'Bags', '2', '');
INSERT INTO "main"."PyCommerce_categories" ("Id", "MainCategoryId", "NameA", "NameL", "Level", "ImageUrl") VALUES ('1112', '1055', 'نظارات', 'Eyeware', '2', '');
INSERT INTO "main"."PyCommerce_categories" ("Id", "MainCategoryId", "NameA", "NameL", "Level", "ImageUrl") VALUES ('1114', '1057', 'عطور رجالى', 'Perfums Form Him', '2', '');
INSERT INTO "main"."PyCommerce_categories" ("Id", "MainCategoryId", "NameA", "NameL", "Level", "ImageUrl") VALUES ('1115', '1057', 'عطور حريمى', 'Perfums Form Here', '2', '');
INSERT INTO "main"."PyCommerce_categories" ("Id", "MainCategoryId", "NameA", "NameL", "Level", "ImageUrl") VALUES ('1116', '1057', 'مجموعات الهدايا', 'Gifts Sets', '2', '');
INSERT INTO "main"."PyCommerce_categories" ("Id", "MainCategoryId", "NameA", "NameL", "Level", "ImageUrl") VALUES ('1117', '1057', 'منتجات العنايا رجالى', 'Me''s Grooming', '2', '');
INSERT INTO "main"."PyCommerce_categories" ("Id", "MainCategoryId", "NameA", "NameL", "Level", "ImageUrl") VALUES ('1119', '1057', 'مكياج', 'Makeup', '2', '');
INSERT INTO "main"."PyCommerce_categories" ("Id", "MainCategoryId", "NameA", "NameL", "Level", "ImageUrl") VALUES ('1120', '1057', 'الاستحمام والجسم', 'Bath & Body', '2', '');
INSERT INTO "main"."PyCommerce_categories" ("Id", "MainCategoryId", "NameA", "NameL", "Level", "ImageUrl") VALUES ('1121', '1057', 'مستحضرات العناية بالأسنان', 'Dental Care', '2', '');
INSERT INTO "main"."PyCommerce_categories" ("Id", "MainCategoryId", "NameA", "NameL", "Level", "ImageUrl") VALUES ('1122', '1057', 'الكترونيات الشعر', 'Hair Electronics', '2', '');
INSERT INTO "main"."PyCommerce_categories" ("Id", "MainCategoryId", "NameA", "NameL", "Level", "ImageUrl") VALUES ('1123', '1057', 'مستحضرات الصحة والعناية الشخصية', 'Health & Personal Care', '2', '');
INSERT INTO "main"."PyCommerce_categories" ("Id", "MainCategoryId", "NameA", "NameL", "Level", "ImageUrl") VALUES ('1125', '1058', 'أجهزة الركض والدراجات الرياضية', 'Treadmills, Bikes & Ellipticals', '2', '');
INSERT INTO "main"."PyCommerce_categories" ("Id", "MainCategoryId", "NameA", "NameL", "Level", "ImageUrl") VALUES ('1126', '1058', 'تقنية اللياقة البدنية', 'Fitness Technology', '2', '');
INSERT INTO "main"."PyCommerce_categories" ("Id", "MainCategoryId", "NameA", "NameL", "Level", "ImageUrl") VALUES ('1127', '1058', 'أغذية للرياضيين', 'Sports Nutritio', '2', '');
INSERT INTO "main"."PyCommerce_categories" ("Id", "MainCategoryId", "NameA", "NameL", "Level", "ImageUrl") VALUES ('1128', '1058', 'أجهزة رياضية لتمارين المعدة', 'Ab Machines', '2', '');
INSERT INTO "main"."PyCommerce_categories" ("Id", "MainCategoryId", "NameA", "NameL", "Level", "ImageUrl") VALUES ('1129', '1058', 'تمارين الوزن', 'Weight Training', '2', '');
INSERT INTO "main"."PyCommerce_categories" ("Id", "MainCategoryId", "NameA", "NameL", "Level", "ImageUrl") VALUES ('1130', '1058', 'كرة القدم', 'Football', '2', '');
INSERT INTO "main"."PyCommerce_categories" ("Id", "MainCategoryId", "NameA", "NameL", "Level", "ImageUrl") VALUES ('1131', '1058', 'كرة السلة', 'Basketball', '2', '');
INSERT INTO "main"."PyCommerce_categories" ("Id", "MainCategoryId", "NameA", "NameL", "Level", "ImageUrl") VALUES ('1132', '1058', 'رياضية المضرب', 'Racket Sports', '2', '');
INSERT INTO "main"."PyCommerce_categories" ("Id", "MainCategoryId", "NameA", "NameL", "Level", "ImageUrl") VALUES ('1133', '1058', 'تخييم', 'Camping', '2', '');
INSERT INTO "main"."PyCommerce_categories" ("Id", "MainCategoryId", "NameA", "NameL", "Level", "ImageUrl") VALUES ('1134', '1056', 'لوازم أطفال', 'Babies & Accessories', '2', '');
INSERT INTO "main"."PyCommerce_categories" ("Id", "MainCategoryId", "NameA", "NameL", "Level", "ImageUrl") VALUES ('1135', '1056', 'ملابس و أحذية الأطفال', 'Baby Clothing & Shoes', '2', '');
INSERT INTO "main"."PyCommerce_categories" ("Id", "MainCategoryId", "NameA", "NameL", "Level", "ImageUrl") VALUES ('1136', '1056', 'معدات سلامة و صحة الطفل', 'Baby Safety & Health', '2', '');
INSERT INTO "main"."PyCommerce_categories" ("Id", "MainCategoryId", "NameA", "NameL", "Level", "ImageUrl") VALUES ('1137', '1056', 'ألعاب أطفال', 'Baby Toys and Accessories', '2', '');
INSERT INTO "main"."PyCommerce_categories" ("Id", "MainCategoryId", "NameA", "NameL", "Level", "ImageUrl") VALUES ('1138', '1056', 'معدات أطفال', 'Baby Gear', '2', '');
INSERT INTO "main"."PyCommerce_categories" ("Id", "MainCategoryId", "NameA", "NameL", "Level", "ImageUrl") VALUES ('1139', '1056', 'مجموعة هدايا أطفال', 'Baby Gift Sets', '2', '');
INSERT INTO "main"."PyCommerce_categories" ("Id", "MainCategoryId", "NameA", "NameL", "Level", "ImageUrl") VALUES ('1140', '1056', 'اكسسوارات أطفال', 'Baby Accessories', '2', '');
INSERT INTO "main"."PyCommerce_categories" ("Id", "MainCategoryId", "NameA", "NameL", "Level", "ImageUrl") VALUES ('1141', '1056', 'مستلزمات اطعام', 'Feeding', '2', '');
INSERT INTO "main"."PyCommerce_categories" ("Id", "MainCategoryId", "NameA", "NameL", "Level", "ImageUrl") VALUES ('1142', '1056', 'حفاضات', 'Diapers', '2', '');
INSERT INTO "main"."PyCommerce_categories" ("Id", "MainCategoryId", "NameA", "NameL", "Level", "ImageUrl") VALUES ('1143', '1056', 'لوازم الاستحمام والعناية بالطفل', 'Baby Bath & Skincare', '2', '');
INSERT INTO "main"."PyCommerce_categories" ("Id", "MainCategoryId", "NameA", "NameL", "Level", "ImageUrl") VALUES ('1144', '1056', 'حقائب أطفال', 'Baby Bags', '2', '');

INSERT INTO "main"."PyCommerce_countries" ("Id", "NameA", "NameL", "Symbol") VALUES ('1', 'مصر', 'Egypt', 'EGP');
INSERT INTO "main"."PyCommerce_countries" ("Id", "NameA", "NameL", "Symbol") VALUES ('2', 'السعودية', 'Saudi Arabia', 'SAR');

INSERT INTO "main"."PyCommerce_inventorybalances" ("Id", "ProductId", "QuantityBalance", "StoreId") VALUES ('9', '1', '3.0', '17');
INSERT INTO "main"."PyCommerce_inventorybalances" ("Id", "ProductId", "QuantityBalance", "StoreId") VALUES ('10', '2', '38.0', '17');
INSERT INTO "main"."PyCommerce_inventorybalances" ("Id", "ProductId", "QuantityBalance", "StoreId") VALUES ('11', '3', '50.0', '17');
INSERT INTO "main"."PyCommerce_inventorybalances" ("Id", "ProductId", "QuantityBalance", "StoreId") VALUES ('12', '4', '34.0', '17');
INSERT INTO "main"."PyCommerce_inventorybalances" ("Id", "ProductId", "QuantityBalance", "StoreId") VALUES ('13', '5', '24.0', '17');
INSERT INTO "main"."PyCommerce_inventorybalances" ("Id", "ProductId", "QuantityBalance", "StoreId") VALUES ('14', '6', '62.0', '17');
INSERT INTO "main"."PyCommerce_inventorybalances" ("Id", "ProductId", "QuantityBalance", "StoreId") VALUES ('15', '7', '18.0', '17');
INSERT INTO "main"."PyCommerce_inventorybalances" ("Id", "ProductId", "QuantityBalance", "StoreId") VALUES ('16', '8', '18.0', '17');
INSERT INTO "main"."PyCommerce_inventorybalances" ("Id", "ProductId", "QuantityBalance", "StoreId") VALUES ('17', '9', '3.0', '17');
INSERT INTO "main"."PyCommerce_inventorybalances" ("Id", "ProductId", "QuantityBalance", "StoreId") VALUES ('18', '10', '19.0', '17');
INSERT INTO "main"."PyCommerce_inventorybalances" ("Id", "ProductId", "QuantityBalance", "StoreId") VALUES ('19', '11', '25.0', '17');
INSERT INTO "main"."PyCommerce_inventorybalances" ("Id", "ProductId", "QuantityBalance", "StoreId") VALUES ('20', '12', '17.0', '17');
INSERT INTO "main"."PyCommerce_inventorybalances" ("Id", "ProductId", "QuantityBalance", "StoreId") VALUES ('21', '13', '3.0', '17');
INSERT INTO "main"."PyCommerce_inventorybalances" ("Id", "ProductId", "QuantityBalance", "StoreId") VALUES ('22', '14', '6.0', '17');
INSERT INTO "main"."PyCommerce_inventorybalances" ("Id", "ProductId", "QuantityBalance", "StoreId") VALUES ('23', '15', '21.0', '17');
INSERT INTO "main"."PyCommerce_inventorybalances" ("Id", "ProductId", "QuantityBalance", "StoreId") VALUES ('24', '16', '18.0', '17');
INSERT INTO "main"."PyCommerce_inventorybalances" ("Id", "ProductId", "QuantityBalance", "StoreId") VALUES ('25', '17', '25.0', '17');
INSERT INTO "main"."PyCommerce_inventorybalances" ("Id", "ProductId", "QuantityBalance", "StoreId") VALUES ('26', '19', '18.0', '17');
INSERT INTO "main"."PyCommerce_inventorybalances" ("Id", "ProductId", "QuantityBalance", "StoreId") VALUES ('27', '20', '10.0', '17');
INSERT INTO "main"."PyCommerce_inventorybalances" ("Id", "ProductId", "QuantityBalance", "StoreId") VALUES ('28', '21', '30.0', '17');
INSERT INTO "main"."PyCommerce_inventorybalances" ("Id", "ProductId", "QuantityBalance", "StoreId") VALUES ('29', '22', '25.0', '17');
INSERT INTO "main"."PyCommerce_inventorybalances" ("Id", "ProductId", "QuantityBalance", "StoreId") VALUES ('30', '23', '50.0', '17');
INSERT INTO "main"."PyCommerce_inventorybalances" ("Id", "ProductId", "QuantityBalance", "StoreId") VALUES ('31', '24', '100.0', '17');
INSERT INTO "main"."PyCommerce_inventorybalances" ("Id", "ProductId", "QuantityBalance", "StoreId") VALUES ('32', '25', '45.0', '17');
INSERT INTO "main"."PyCommerce_inventorybalances" ("Id", "ProductId", "QuantityBalance", "StoreId") VALUES ('33', '26', '20.0', '17');
INSERT INTO "main"."PyCommerce_inventorybalances" ("Id", "ProductId", "QuantityBalance", "StoreId") VALUES ('34', '27', '30.0', '17');
INSERT INTO "main"."PyCommerce_inventorybalances" ("Id", "ProductId", "QuantityBalance", "StoreId") VALUES ('35', '28', '15.0', '17');
INSERT INTO "main"."PyCommerce_inventorybalances" ("Id", "ProductId", "QuantityBalance", "StoreId") VALUES ('36', '29', '20.0', '17');
INSERT INTO "main"."PyCommerce_inventorybalances" ("Id", "ProductId", "QuantityBalance", "StoreId") VALUES ('37', '30', '14.0', '17');
INSERT INTO "main"."PyCommerce_inventorybalances" ("Id", "ProductId", "QuantityBalance", "StoreId") VALUES ('38', '31', '15.0', '17');
INSERT INTO "main"."PyCommerce_inventorybalances" ("Id", "ProductId", "QuantityBalance", "StoreId") VALUES ('39', '32', '20.0', '17');
INSERT INTO "main"."PyCommerce_inventorybalances" ("Id", "ProductId", "QuantityBalance", "StoreId") VALUES ('40', '33', '15.0', '17');
INSERT INTO "main"."PyCommerce_inventorybalances" ("Id", "ProductId", "QuantityBalance", "StoreId") VALUES ('41', '34', '20.0', '17');
INSERT INTO "main"."PyCommerce_inventorybalances" ("Id", "ProductId", "QuantityBalance", "StoreId") VALUES ('42', '35', '10.0', '17');
INSERT INTO "main"."PyCommerce_inventorybalances" ("Id", "ProductId", "QuantityBalance", "StoreId") VALUES ('43', '36', '5.0', '17');
INSERT INTO "main"."PyCommerce_inventorybalances" ("Id", "ProductId", "QuantityBalance", "StoreId") VALUES ('1027', '1', '13.0', '23');
INSERT INTO "main"."PyCommerce_inventorybalances" ("Id", "ProductId", "QuantityBalance", "StoreId") VALUES ('1028', '2', '19.0', '23');
INSERT INTO "main"."PyCommerce_inventorybalances" ("Id", "ProductId", "QuantityBalance", "StoreId") VALUES ('1029', '3', '25.0', '23');
INSERT INTO "main"."PyCommerce_inventorybalances" ("Id", "ProductId", "QuantityBalance", "StoreId") VALUES ('1030', '4', '17.0', '23');
INSERT INTO "main"."PyCommerce_inventorybalances" ("Id", "ProductId", "QuantityBalance", "StoreId") VALUES ('1031', '5', '12.0', '23');
INSERT INTO "main"."PyCommerce_inventorybalances" ("Id", "ProductId", "QuantityBalance", "StoreId") VALUES ('1032', '6', '62.0', '23');
INSERT INTO "main"."PyCommerce_inventorybalances" ("Id", "ProductId", "QuantityBalance", "StoreId") VALUES ('1033', '7', '9.0', '23');
INSERT INTO "main"."PyCommerce_inventorybalances" ("Id", "ProductId", "QuantityBalance", "StoreId") VALUES ('1034', '8', '9.0', '23');
INSERT INTO "main"."PyCommerce_inventorybalances" ("Id", "ProductId", "QuantityBalance", "StoreId") VALUES ('1035', '9', '3.0', '23');
INSERT INTO "main"."PyCommerce_inventorybalances" ("Id", "ProductId", "QuantityBalance", "StoreId") VALUES ('1036', '10', '19.0', '23');
INSERT INTO "main"."PyCommerce_inventorybalances" ("Id", "ProductId", "QuantityBalance", "StoreId") VALUES ('1037', '11', '25.0', '23');
INSERT INTO "main"."PyCommerce_inventorybalances" ("Id", "ProductId", "QuantityBalance", "StoreId") VALUES ('1038', '12', '17.0', '23');
INSERT INTO "main"."PyCommerce_inventorybalances" ("Id", "ProductId", "QuantityBalance", "StoreId") VALUES ('1039', '13', '3.0', '23');
INSERT INTO "main"."PyCommerce_inventorybalances" ("Id", "ProductId", "QuantityBalance", "StoreId") VALUES ('1040', '14', '6.0', '23');
INSERT INTO "main"."PyCommerce_inventorybalances" ("Id", "ProductId", "QuantityBalance", "StoreId") VALUES ('1041', '15', '21.0', '23');
INSERT INTO "main"."PyCommerce_inventorybalances" ("Id", "ProductId", "QuantityBalance", "StoreId") VALUES ('1042', '16', '18.0', '23');
INSERT INTO "main"."PyCommerce_inventorybalances" ("Id", "ProductId", "QuantityBalance", "StoreId") VALUES ('1043', '17', '25.0', '23');
INSERT INTO "main"."PyCommerce_inventorybalances" ("Id", "ProductId", "QuantityBalance", "StoreId") VALUES ('1044', '19', '18.0', '23');
INSERT INTO "main"."PyCommerce_inventorybalances" ("Id", "ProductId", "QuantityBalance", "StoreId") VALUES ('1045', '20', '10.0', '23');
INSERT INTO "main"."PyCommerce_inventorybalances" ("Id", "ProductId", "QuantityBalance", "StoreId") VALUES ('1046', '21', '30.0', '23');
INSERT INTO "main"."PyCommerce_inventorybalances" ("Id", "ProductId", "QuantityBalance", "StoreId") VALUES ('1047', '22', '25.0', '23');
INSERT INTO "main"."PyCommerce_inventorybalances" ("Id", "ProductId", "QuantityBalance", "StoreId") VALUES ('1048', '23', '50.0', '23');
INSERT INTO "main"."PyCommerce_inventorybalances" ("Id", "ProductId", "QuantityBalance", "StoreId") VALUES ('1049', '24', '100.0', '23');
INSERT INTO "main"."PyCommerce_inventorybalances" ("Id", "ProductId", "QuantityBalance", "StoreId") VALUES ('1050', '25', '45.0', '23');
INSERT INTO "main"."PyCommerce_inventorybalances" ("Id", "ProductId", "QuantityBalance", "StoreId") VALUES ('1051', '26', '20.0', '23');
INSERT INTO "main"."PyCommerce_inventorybalances" ("Id", "ProductId", "QuantityBalance", "StoreId") VALUES ('1052', '27', '30.0', '23');
INSERT INTO "main"."PyCommerce_inventorybalances" ("Id", "ProductId", "QuantityBalance", "StoreId") VALUES ('1053', '28', '15.0', '23');
INSERT INTO "main"."PyCommerce_inventorybalances" ("Id", "ProductId", "QuantityBalance", "StoreId") VALUES ('1054', '29', '20.0', '23');
INSERT INTO "main"."PyCommerce_inventorybalances" ("Id", "ProductId", "QuantityBalance", "StoreId") VALUES ('1055', '30', '14.0', '23');
INSERT INTO "main"."PyCommerce_inventorybalances" ("Id", "ProductId", "QuantityBalance", "StoreId") VALUES ('1056', '31', '15.0', '23');
INSERT INTO "main"."PyCommerce_inventorybalances" ("Id", "ProductId", "QuantityBalance", "StoreId") VALUES ('1057', '32', '20.0', '23');
INSERT INTO "main"."PyCommerce_inventorybalances" ("Id", "ProductId", "QuantityBalance", "StoreId") VALUES ('1058', '33', '15.0', '23');
INSERT INTO "main"."PyCommerce_inventorybalances" ("Id", "ProductId", "QuantityBalance", "StoreId") VALUES ('1059', '34', '20.0', '23');
INSERT INTO "main"."PyCommerce_inventorybalances" ("Id", "ProductId", "QuantityBalance", "StoreId") VALUES ('1060', '35', '10.0', '23');
INSERT INTO "main"."PyCommerce_inventorybalances" ("Id", "ProductId", "QuantityBalance", "StoreId") VALUES ('1061', '36', '5.0', '23');
INSERT INTO "main"."PyCommerce_inventorybalances" ("Id", "ProductId", "QuantityBalance", "StoreId") VALUES ('1062', '19', '2.0', '25');
INSERT INTO "main"."PyCommerce_inventorybalances" ("Id", "ProductId", "QuantityBalance", "StoreId") VALUES ('1064', '1021', '10.0', '17');
INSERT INTO "main"."PyCommerce_inventorybalances" ("Id", "ProductId", "QuantityBalance", "StoreId") VALUES ('1065', '1022', '10.0', '17');
INSERT INTO "main"."PyCommerce_inventorybalances" ("Id", "ProductId", "QuantityBalance", "StoreId") VALUES ('1066', '1023', '10.0', '17');
INSERT INTO "main"."PyCommerce_inventorybalances" ("Id", "ProductId", "QuantityBalance", "StoreId") VALUES ('1067', '1024', '10.0', '17');
INSERT INTO "main"."PyCommerce_inventorybalances" ("Id", "ProductId", "QuantityBalance", "StoreId") VALUES ('1068', '1025', '10.0', '17');
INSERT INTO "main"."PyCommerce_inventorybalances" ("Id", "ProductId", "QuantityBalance", "StoreId") VALUES ('1069', '1026', '10.0', '17');
INSERT INTO "main"."PyCommerce_inventorybalances" ("Id", "ProductId", "QuantityBalance", "StoreId") VALUES ('1070', '1027', '10.0', '17');
INSERT INTO "main"."PyCommerce_inventorybalances" ("Id", "ProductId", "QuantityBalance", "StoreId") VALUES ('1071', '1028', '10.0', '17');
INSERT INTO "main"."PyCommerce_inventorybalances" ("Id", "ProductId", "QuantityBalance", "StoreId") VALUES ('1072', '1029', '10.0', '17');
INSERT INTO "main"."PyCommerce_inventorybalances" ("Id", "ProductId", "QuantityBalance", "StoreId") VALUES ('1073', '1030', '10.0', '17');
INSERT INTO "main"."PyCommerce_inventorybalances" ("Id", "ProductId", "QuantityBalance", "StoreId") VALUES ('1074', '1031', '10.0', '17');
INSERT INTO "main"."PyCommerce_inventorybalances" ("Id", "ProductId", "QuantityBalance", "StoreId") VALUES ('1075', '1032', '10.0', '17');
INSERT INTO "main"."PyCommerce_inventorybalances" ("Id", "ProductId", "QuantityBalance", "StoreId") VALUES ('1087', '1108', '6.0', '17');

INSERT INTO "main"."PyCommerce_inventorydetails" ("Id", "ProductId", "Quantity", "StoreId") VALUES ('6', '7', '', '17');
INSERT INTO "main"."PyCommerce_inventorydetails" ("Id", "ProductId", "Quantity", "StoreId") VALUES ('9', '4', '', '17');
INSERT INTO "main"."PyCommerce_inventorydetails" ("Id", "ProductId", "Quantity", "StoreId") VALUES ('10', '19', '', '17');
INSERT INTO "main"."PyCommerce_inventorydetails" ("Id", "ProductId", "Quantity", "StoreId") VALUES ('11', '25', '', '17');
INSERT INTO "main"."PyCommerce_inventorydetails" ("Id", "ProductId", "Quantity", "StoreId") VALUES ('12', '17', '', '17');
INSERT INTO "main"."PyCommerce_inventorydetails" ("Id", "ProductId", "Quantity", "StoreId") VALUES ('13', '3', '', '17');
INSERT INTO "main"."PyCommerce_inventorydetails" ("Id", "ProductId", "Quantity", "StoreId") VALUES ('14', '6', '', '17');
INSERT INTO "main"."PyCommerce_inventorydetails" ("Id", "ProductId", "Quantity", "StoreId") VALUES ('15', '9', '', '17');
INSERT INTO "main"."PyCommerce_inventorydetails" ("Id", "ProductId", "Quantity", "StoreId") VALUES ('16', '9', '', '17');
INSERT INTO "main"."PyCommerce_inventorydetails" ("Id", "ProductId", "Quantity", "StoreId") VALUES ('17', '9', '', '17');
INSERT INTO "main"."PyCommerce_inventorydetails" ("Id", "ProductId", "Quantity", "StoreId") VALUES ('18', '7', '', '17');
INSERT INTO "main"."PyCommerce_inventorydetails" ("Id", "ProductId", "Quantity", "StoreId") VALUES ('19', '4', '', '17');
INSERT INTO "main"."PyCommerce_inventorydetails" ("Id", "ProductId", "Quantity", "StoreId") VALUES ('20', '19', '', '17');
INSERT INTO "main"."PyCommerce_inventorydetails" ("Id", "ProductId", "Quantity", "StoreId") VALUES ('21', '25', '', '17');
INSERT INTO "main"."PyCommerce_inventorydetails" ("Id", "ProductId", "Quantity", "StoreId") VALUES ('22', '17', '', '17');
INSERT INTO "main"."PyCommerce_inventorydetails" ("Id", "ProductId", "Quantity", "StoreId") VALUES ('23', '3', '', '17');
INSERT INTO "main"."PyCommerce_inventorydetails" ("Id", "ProductId", "Quantity", "StoreId") VALUES ('24', '6', '', '17');
INSERT INTO "main"."PyCommerce_inventorydetails" ("Id", "ProductId", "Quantity", "StoreId") VALUES ('25', '9', '', '17');
INSERT INTO "main"."PyCommerce_inventorydetails" ("Id", "ProductId", "Quantity", "StoreId") VALUES ('26', '9', '', '17');
INSERT INTO "main"."PyCommerce_inventorydetails" ("Id", "ProductId", "Quantity", "StoreId") VALUES ('27', '9', '', '17');
INSERT INTO "main"."PyCommerce_inventorydetails" ("Id", "ProductId", "Quantity", "StoreId") VALUES ('34', '1', '', '17');
INSERT INTO "main"."PyCommerce_inventorydetails" ("Id", "ProductId", "Quantity", "StoreId") VALUES ('39', '12', '', '17');
INSERT INTO "main"."PyCommerce_inventorydetails" ("Id", "ProductId", "Quantity", "StoreId") VALUES ('44', '10', '', '17');
INSERT INTO "main"."PyCommerce_inventorydetails" ("Id", "ProductId", "Quantity", "StoreId") VALUES ('45', '10', '', '17');
INSERT INTO "main"."PyCommerce_inventorydetails" ("Id", "ProductId", "Quantity", "StoreId") VALUES ('46', '5', '', '17');
INSERT INTO "main"."PyCommerce_inventorydetails" ("Id", "ProductId", "Quantity", "StoreId") VALUES ('47', '12', '', '17');
INSERT INTO "main"."PyCommerce_inventorydetails" ("Id", "ProductId", "Quantity", "StoreId") VALUES ('48', '3', '', '17');
INSERT INTO "main"."PyCommerce_inventorydetails" ("Id", "ProductId", "Quantity", "StoreId") VALUES ('49', '3', '', '17');
INSERT INTO "main"."PyCommerce_inventorydetails" ("Id", "ProductId", "Quantity", "StoreId") VALUES ('50', '10', '', '17');
INSERT INTO "main"."PyCommerce_inventorydetails" ("Id", "ProductId", "Quantity", "StoreId") VALUES ('51', '30', '', '17');
INSERT INTO "main"."PyCommerce_inventorydetails" ("Id", "ProductId", "Quantity", "StoreId") VALUES ('52', '20', '', '17');
INSERT INTO "main"."PyCommerce_inventorydetails" ("Id", "ProductId", "Quantity", "StoreId") VALUES ('53', '4', '', '23');
INSERT INTO "main"."PyCommerce_inventorydetails" ("Id", "ProductId", "Quantity", "StoreId") VALUES ('54', '1', '', '17');
INSERT INTO "main"."PyCommerce_inventorydetails" ("Id", "ProductId", "Quantity", "StoreId") VALUES ('55', '3', '', '25');
INSERT INTO "main"."PyCommerce_inventorydetails" ("Id", "ProductId", "Quantity", "StoreId") VALUES ('56', '20', '', '26');
INSERT INTO "main"."PyCommerce_inventorydetails" ("Id", "ProductId", "Quantity", "StoreId") VALUES ('57', '30', '', '27');
INSERT INTO "main"."PyCommerce_inventorydetails" ("Id", "ProductId", "Quantity", "StoreId") VALUES ('58', '15', '', '28');
INSERT INTO "main"."PyCommerce_inventorydetails" ("Id", "ProductId", "Quantity", "StoreId") VALUES ('59', '20', '', '17');
INSERT INTO "main"."PyCommerce_inventorydetails" ("Id", "ProductId", "Quantity", "StoreId") VALUES ('60', '14', '', '17');
INSERT INTO "main"."PyCommerce_inventorydetails" ("Id", "ProductId", "Quantity", "StoreId") VALUES ('61', '15', '', '17');
INSERT INTO "main"."PyCommerce_inventorydetails" ("Id", "ProductId", "Quantity", "StoreId") VALUES ('62', '20', '', '17');
INSERT INTO "main"."PyCommerce_inventorydetails" ("Id", "ProductId", "Quantity", "StoreId") VALUES ('63', '15', '', '17');
INSERT INTO "main"."PyCommerce_inventorydetails" ("Id", "ProductId", "Quantity", "StoreId") VALUES ('64', '20', '', '17');
INSERT INTO "main"."PyCommerce_inventorydetails" ("Id", "ProductId", "Quantity", "StoreId") VALUES ('65', '10', '', '17');
INSERT INTO "main"."PyCommerce_inventorydetails" ("Id", "ProductId", "Quantity", "StoreId") VALUES ('66', '5', '', '17');
INSERT INTO "main"."PyCommerce_inventorydetails" ("Id", "ProductId", "Quantity", "StoreId") VALUES ('1050', '7', '', '17');
INSERT INTO "main"."PyCommerce_inventorydetails" ("Id", "ProductId", "Quantity", "StoreId") VALUES ('1051', '4', '', '17');
INSERT INTO "main"."PyCommerce_inventorydetails" ("Id", "ProductId", "Quantity", "StoreId") VALUES ('1052', '19', '', '17');
INSERT INTO "main"."PyCommerce_inventorydetails" ("Id", "ProductId", "Quantity", "StoreId") VALUES ('1053', '25', '', '17');
INSERT INTO "main"."PyCommerce_inventorydetails" ("Id", "ProductId", "Quantity", "StoreId") VALUES ('1054', '17', '', '17');
INSERT INTO "main"."PyCommerce_inventorydetails" ("Id", "ProductId", "Quantity", "StoreId") VALUES ('1055', '3', '', '17');
INSERT INTO "main"."PyCommerce_inventorydetails" ("Id", "ProductId", "Quantity", "StoreId") VALUES ('1056', '6', '', '17');
INSERT INTO "main"."PyCommerce_inventorydetails" ("Id", "ProductId", "Quantity", "StoreId") VALUES ('1057', '9', '', '17');
INSERT INTO "main"."PyCommerce_inventorydetails" ("Id", "ProductId", "Quantity", "StoreId") VALUES ('1058', '9', '', '17');
INSERT INTO "main"."PyCommerce_inventorydetails" ("Id", "ProductId", "Quantity", "StoreId") VALUES ('1059', '9', '', '17');
INSERT INTO "main"."PyCommerce_inventorydetails" ("Id", "ProductId", "Quantity", "StoreId") VALUES ('1060', '7', '', '17');
INSERT INTO "main"."PyCommerce_inventorydetails" ("Id", "ProductId", "Quantity", "StoreId") VALUES ('1061', '4', '', '17');
INSERT INTO "main"."PyCommerce_inventorydetails" ("Id", "ProductId", "Quantity", "StoreId") VALUES ('1062', '19', '', '17');
INSERT INTO "main"."PyCommerce_inventorydetails" ("Id", "ProductId", "Quantity", "StoreId") VALUES ('1063', '25', '', '17');
INSERT INTO "main"."PyCommerce_inventorydetails" ("Id", "ProductId", "Quantity", "StoreId") VALUES ('1064', '17', '', '17');
INSERT INTO "main"."PyCommerce_inventorydetails" ("Id", "ProductId", "Quantity", "StoreId") VALUES ('1065', '3', '', '17');
INSERT INTO "main"."PyCommerce_inventorydetails" ("Id", "ProductId", "Quantity", "StoreId") VALUES ('1066', '6', '', '17');
INSERT INTO "main"."PyCommerce_inventorydetails" ("Id", "ProductId", "Quantity", "StoreId") VALUES ('1067', '9', '', '17');
INSERT INTO "main"."PyCommerce_inventorydetails" ("Id", "ProductId", "Quantity", "StoreId") VALUES ('1068', '9', '', '17');
INSERT INTO "main"."PyCommerce_inventorydetails" ("Id", "ProductId", "Quantity", "StoreId") VALUES ('1069', '9', '', '17');
INSERT INTO "main"."PyCommerce_inventorydetails" ("Id", "ProductId", "Quantity", "StoreId") VALUES ('1070', '1', '', '17');
INSERT INTO "main"."PyCommerce_inventorydetails" ("Id", "ProductId", "Quantity", "StoreId") VALUES ('1071', '12', '', '17');
INSERT INTO "main"."PyCommerce_inventorydetails" ("Id", "ProductId", "Quantity", "StoreId") VALUES ('1072', '10', '', '17');
INSERT INTO "main"."PyCommerce_inventorydetails" ("Id", "ProductId", "Quantity", "StoreId") VALUES ('1073', '10', '', '17');
INSERT INTO "main"."PyCommerce_inventorydetails" ("Id", "ProductId", "Quantity", "StoreId") VALUES ('1074', '5', '', '17');
INSERT INTO "main"."PyCommerce_inventorydetails" ("Id", "ProductId", "Quantity", "StoreId") VALUES ('1075', '12', '', '17');
INSERT INTO "main"."PyCommerce_inventorydetails" ("Id", "ProductId", "Quantity", "StoreId") VALUES ('1076', '3', '', '17');
INSERT INTO "main"."PyCommerce_inventorydetails" ("Id", "ProductId", "Quantity", "StoreId") VALUES ('1077', '3', '', '17');
INSERT INTO "main"."PyCommerce_inventorydetails" ("Id", "ProductId", "Quantity", "StoreId") VALUES ('1078', '10', '', '17');
INSERT INTO "main"."PyCommerce_inventorydetails" ("Id", "ProductId", "Quantity", "StoreId") VALUES ('1079', '30', '', '17');
INSERT INTO "main"."PyCommerce_inventorydetails" ("Id", "ProductId", "Quantity", "StoreId") VALUES ('1080', '25', '', '17');
INSERT INTO "main"."PyCommerce_inventorydetails" ("Id", "ProductId", "Quantity", "StoreId") VALUES ('1081', '2', '', '23');
INSERT INTO "main"."PyCommerce_inventorydetails" ("Id", "ProductId", "Quantity", "StoreId") VALUES ('1082', '2', '', '17');
INSERT INTO "main"."PyCommerce_inventorydetails" ("Id", "ProductId", "Quantity", "StoreId") VALUES ('1083', '2', '', '25');
INSERT INTO "main"."PyCommerce_inventorydetails" ("Id", "ProductId", "Quantity", "StoreId") VALUES ('1084', '20', '', '26');
INSERT INTO "main"."PyCommerce_inventorydetails" ("Id", "ProductId", "Quantity", "StoreId") VALUES ('1085', '30', '', '27');
INSERT INTO "main"."PyCommerce_inventorydetails" ("Id", "ProductId", "Quantity", "StoreId") VALUES ('1086', '15', '', '28');
INSERT INTO "main"."PyCommerce_inventorydetails" ("Id", "ProductId", "Quantity", "StoreId") VALUES ('1087', '20', '', '17');
INSERT INTO "main"."PyCommerce_inventorydetails" ("Id", "ProductId", "Quantity", "StoreId") VALUES ('1088', '14', '', '17');
INSERT INTO "main"."PyCommerce_inventorydetails" ("Id", "ProductId", "Quantity", "StoreId") VALUES ('1089', '15', '', '17');
INSERT INTO "main"."PyCommerce_inventorydetails" ("Id", "ProductId", "Quantity", "StoreId") VALUES ('1090', '20', '', '17');
INSERT INTO "main"."PyCommerce_inventorydetails" ("Id", "ProductId", "Quantity", "StoreId") VALUES ('1091', '15', '', '17');
INSERT INTO "main"."PyCommerce_inventorydetails" ("Id", "ProductId", "Quantity", "StoreId") VALUES ('1092', '20', '', '17');
INSERT INTO "main"."PyCommerce_inventorydetails" ("Id", "ProductId", "Quantity", "StoreId") VALUES ('1093', '10', '', '17');
INSERT INTO "main"."PyCommerce_inventorydetails" ("Id", "ProductId", "Quantity", "StoreId") VALUES ('1094', '5', '', '17');
INSERT INTO "main"."PyCommerce_inventorydetails" ("Id", "ProductId", "Quantity", "StoreId") VALUES ('1095', '10', '', '17');
INSERT INTO "main"."PyCommerce_inventorydetails" ("Id", "ProductId", "Quantity", "StoreId") VALUES ('1096', '2', '', '17');
INSERT INTO "main"."PyCommerce_inventorydetails" ("Id", "ProductId", "Quantity", "StoreId") VALUES ('1098', '10', '', '17');
INSERT INTO "main"."PyCommerce_inventorydetails" ("Id", "ProductId", "Quantity", "StoreId") VALUES ('1099', '10', '', '17');
INSERT INTO "main"."PyCommerce_inventorydetails" ("Id", "ProductId", "Quantity", "StoreId") VALUES ('1100', '10', '', '17');
INSERT INTO "main"."PyCommerce_inventorydetails" ("Id", "ProductId", "Quantity", "StoreId") VALUES ('1101', '10', '', '17');
INSERT INTO "main"."PyCommerce_inventorydetails" ("Id", "ProductId", "Quantity", "StoreId") VALUES ('1102', '10', '', '17');
INSERT INTO "main"."PyCommerce_inventorydetails" ("Id", "ProductId", "Quantity", "StoreId") VALUES ('1103', '10', '', '17');
INSERT INTO "main"."PyCommerce_inventorydetails" ("Id", "ProductId", "Quantity", "StoreId") VALUES ('1104', '10', '', '17');
INSERT INTO "main"."PyCommerce_inventorydetails" ("Id", "ProductId", "Quantity", "StoreId") VALUES ('1105', '10', '', '17');
INSERT INTO "main"."PyCommerce_inventorydetails" ("Id", "ProductId", "Quantity", "StoreId") VALUES ('1106', '10', '', '17');
INSERT INTO "main"."PyCommerce_inventorydetails" ("Id", "ProductId", "Quantity", "StoreId") VALUES ('1107', '10', '', '17');
INSERT INTO "main"."PyCommerce_inventorydetails" ("Id", "ProductId", "Quantity", "StoreId") VALUES ('1108', '10', '', '17');
INSERT INTO "main"."PyCommerce_inventorydetails" ("Id", "ProductId", "Quantity", "StoreId") VALUES ('1109', '10', '', '17');
INSERT INTO "main"."PyCommerce_inventorydetails" ("Id", "ProductId", "Quantity", "StoreId") VALUES ('1117', '6', '', '17');

INSERT INTO "main"."PyCommerce_ordermasters" ("Id", "cartId", "DateCreated", "ShippingAdress", "OrderStatusId", "UserId") VALUES ('2046', '2097', '20200628 16:16:29.820', '', '2', '13');
INSERT INTO "main"."PyCommerce_ordermasters" ("Id", "cartId", "DateCreated", "ShippingAdress", "OrderStatusId", "UserId") VALUES ('2047', '2098', '20200628 16:19:52.737', '', '2', '13');
INSERT INTO "main"."PyCommerce_ordermasters" ("Id", "cartId", "DateCreated", "ShippingAdress", "OrderStatusId", "UserId") VALUES ('2048', '2099', '20200628 16:21:21.807', '', '2', '1');
INSERT INTO "main"."PyCommerce_ordermasters" ("Id", "cartId", "DateCreated", "ShippingAdress", "OrderStatusId", "UserId") VALUES ('2050', '2101', '20200628 19:15:48.870', '', '2', '1');
INSERT INTO "main"."PyCommerce_ordermasters" ("Id", "cartId", "DateCreated", "ShippingAdress", "OrderStatusId", "UserId") VALUES ('2051', '2102', '20200628 21:28:29.740', '', '2', '1');
INSERT INTO "main"."PyCommerce_ordermasters" ("Id", "cartId", "DateCreated", "ShippingAdress", "OrderStatusId", "UserId") VALUES ('2056', '3095', '20200630 22:28:17.960', '', '2', '1');
INSERT INTO "main"."PyCommerce_ordermasters" ("Id", "cartId", "DateCreated", "ShippingAdress", "OrderStatusId", "UserId") VALUES ('2057', '3096', '20200630 22:29:51.537', '', '2', '1');
INSERT INTO "main"."PyCommerce_ordermasters" ("Id", "cartId", "DateCreated", "ShippingAdress", "OrderStatusId", "UserId") VALUES ('2058', '3097', '20200630 22:35:22.867', '', '2', '1');
INSERT INTO "main"."PyCommerce_ordermasters" ("Id", "cartId", "DateCreated", "ShippingAdress", "OrderStatusId", "UserId") VALUES ('2059', '3098', '20200630 22:52:57.890', '', '2', '1');
INSERT INTO "main"."PyCommerce_ordermasters" ("Id", "cartId", "DateCreated", "ShippingAdress", "OrderStatusId", "UserId") VALUES ('2060', '3099', '20200630 23:21:15.200', '', '2', '1');
INSERT INTO "main"."PyCommerce_ordermasters" ("Id", "cartId", "DateCreated", "ShippingAdress", "OrderStatusId", "UserId") VALUES ('2061', '3100', '20200702 00:27:47.637', '', '1', '1');
INSERT INTO "main"."PyCommerce_ordermasters" ("Id", "cartId", "DateCreated", "ShippingAdress", "OrderStatusId", "UserId") VALUES ('2062', '3101', '20200702 00:32:02.520', '', '1', '1');
INSERT INTO "main"."PyCommerce_ordermasters" ("Id", "cartId", "DateCreated", "ShippingAdress", "OrderStatusId", "UserId") VALUES ('2063', '3102', '20200702 06:46:07.153', '', '0', '1');
INSERT INTO "main"."PyCommerce_ordermasters" ("Id", "cartId", "DateCreated", "ShippingAdress", "OrderStatusId", "UserId") VALUES ('2064', '3103', '20200702 13:14:41.400', '', '2', '6');
INSERT INTO "main"."PyCommerce_ordermasters" ("Id", "cartId", "DateCreated", "ShippingAdress", "OrderStatusId", "UserId") VALUES ('2065', '3104', '20200712 21:47:30.013', '', '2', '6');
INSERT INTO "main"."PyCommerce_ordermasters" ("Id", "cartId", "DateCreated", "ShippingAdress", "OrderStatusId", "UserId") VALUES ('2071', '3105', '20200712 22:12:00.813', '', '2', '6');
INSERT INTO "main"."PyCommerce_ordermasters" ("Id", "cartId", "DateCreated", "ShippingAdress", "OrderStatusId", "UserId") VALUES ('2072', '3106', '20200713 18:31:17.263', '', '0', '1');
INSERT INTO "main"."PyCommerce_ordermasters" ("Id", "cartId", "DateCreated", "ShippingAdress", "OrderStatusId", "UserId") VALUES ('2073', '3107', '20200713 18:39:09.780', '', '0', '1');
INSERT INTO "main"."PyCommerce_ordermasters" ("Id", "cartId", "DateCreated", "ShippingAdress", "OrderStatusId", "UserId") VALUES ('2074', '3109', '20200713 23:21:30.183', '', '0', '6');
INSERT INTO "main"."PyCommerce_ordermasters" ("Id", "cartId", "DateCreated", "ShippingAdress", "OrderStatusId", "UserId") VALUES ('2075', '78', '20200713 23:43:43.050', '', '1', '1');
INSERT INTO "main"."PyCommerce_ordermasters" ("Id", "cartId", "DateCreated", "ShippingAdress", "OrderStatusId", "UserId") VALUES ('2076', '3110', '20200713 23:44:56.227', '', '0', '1');
INSERT INTO "main"."PyCommerce_ordermasters" ("Id", "cartId", "DateCreated", "ShippingAdress", "OrderStatusId", "UserId") VALUES ('2077', '3111', '20200714 01:13:57.847', '', '0', '1');
INSERT INTO "main"."PyCommerce_ordermasters" ("Id", "cartId", "DateCreated", "ShippingAdress", "OrderStatusId", "UserId") VALUES ('2078', '3112', '20200714 22:10:03.440', '', '1', '6');
INSERT INTO "main"."PyCommerce_ordermasters" ("Id", "cartId", "DateCreated", "ShippingAdress", "OrderStatusId", "UserId") VALUES ('2079', '3107', '20200715 15:07:56.090', '', '0', '6');
INSERT INTO "main"."PyCommerce_ordermasters" ("Id", "cartId", "DateCreated", "ShippingAdress", "OrderStatusId", "UserId") VALUES ('2080', '3113', '20200715 21:44:26.380', '', '0', '6');
INSERT INTO "main"."PyCommerce_ordermasters" ("Id", "cartId", "DateCreated", "ShippingAdress", "OrderStatusId", "UserId") VALUES ('2081', '3114', '20200716 00:27:04.747', '', '0', '6');
INSERT INTO "main"."PyCommerce_ordermasters" ("Id", "cartId", "DateCreated", "ShippingAdress", "OrderStatusId", "UserId") VALUES ('2082', '3116', '20200720 16:29:13.070', '', '0', '6');
INSERT INTO "main"."PyCommerce_ordermasters" ("Id", "cartId", "DateCreated", "ShippingAdress", "OrderStatusId", "UserId") VALUES ('2083', '3121', '20200721 16:31:36.237', '', '0', '6');
INSERT INTO "main"."PyCommerce_ordermasters" ("Id", "cartId", "DateCreated", "ShippingAdress", "OrderStatusId", "UserId") VALUES ('2084', '3122', '20200721 17:28:06.720', '', '0', '6');
INSERT INTO "main"."PyCommerce_ordermasters" ("Id", "cartId", "DateCreated", "ShippingAdress", "OrderStatusId", "UserId") VALUES ('2085', '1095', '20200722 14:46:34.623', '', '0', '6');
INSERT INTO "main"."PyCommerce_ordermasters" ("Id", "cartId", "DateCreated", "ShippingAdress", "OrderStatusId", "UserId") VALUES ('2086', '3124', '20200726 13:23:32.143', '', '0', '6');
INSERT INTO "main"."PyCommerce_ordermasters" ("Id", "cartId", "DateCreated", "ShippingAdress", "OrderStatusId", "UserId") VALUES ('2087', '3115', '20200911 19:19:08.573', '', '1', '6');
INSERT INTO "main"."PyCommerce_ordermasters" ("Id", "cartId", "DateCreated", "ShippingAdress", "OrderStatusId", "UserId") VALUES ('2088', '3141', '20200911 19:21:00.247', '', '1', '28');
INSERT INTO "main"."PyCommerce_ordermasters" ("Id", "cartId", "DateCreated", "ShippingAdress", "OrderStatusId", "UserId") VALUES ('2089', '3123', '20200913 14:56:12.137', '', '1', '28');
INSERT INTO "main"."PyCommerce_ordermasters" ("Id", "cartId", "DateCreated", "ShippingAdress", "OrderStatusId", "UserId") VALUES ('2103', '3157', '20200915 21:05:28.327', '', '1', '28');
INSERT INTO "main"."PyCommerce_ordermasters" ("Id", "cartId", "DateCreated", "ShippingAdress", "OrderStatusId", "UserId") VALUES ('2104', '3158', '20200915 21:10:34.433', '', '1', '28');
INSERT INTO "main"."PyCommerce_ordermasters" ("Id", "cartId", "DateCreated", "ShippingAdress", "OrderStatusId", "UserId") VALUES ('2105', '3159', '20200916 17:23:46.777', '', '1', '13');
INSERT INTO "main"."PyCommerce_ordermasters" ("Id", "cartId", "DateCreated", "ShippingAdress", "OrderStatusId", "UserId") VALUES ('2106', '3108', '20200916 20:10:47.140', '', '1', '28');
INSERT INTO "main"."PyCommerce_ordermasters" ("Id", "cartId", "DateCreated", "ShippingAdress", "OrderStatusId", "UserId") VALUES ('3094', '4148', '20200920 15:03:39.560', '', '0', '28');
INSERT INTO "main"."PyCommerce_ordermasters" ("Id", "cartId", "DateCreated", "ShippingAdress", "OrderStatusId", "UserId") VALUES ('3095', '4149', '20200921 12:33:02.580', '', '1', '28');
INSERT INTO "main"."PyCommerce_ordermasters" ("Id", "cartId", "DateCreated", "ShippingAdress", "OrderStatusId", "UserId") VALUES ('3096', '4150', '20200922 17:04:53.813', '', '0', '28');
INSERT INTO "main"."PyCommerce_ordermasters" ("Id", "cartId", "DateCreated", "ShippingAdress", "OrderStatusId", "UserId") VALUES ('3097', '4151', '20200922 17:08:47.603', '', '0', '28');
INSERT INTO "main"."PyCommerce_ordermasters" ("Id", "cartId", "DateCreated", "ShippingAdress", "OrderStatusId", "UserId") VALUES ('3098', '4152', '20200922 17:12:09.147', '', '0', '28');
INSERT INTO "main"."PyCommerce_ordermasters" ("Id", "cartId", "DateCreated", "ShippingAdress", "OrderStatusId", "UserId") VALUES ('3099', '4153', '20200922 17:14:17.460', '', '0', '28');
INSERT INTO "main"."PyCommerce_ordermasters" ("Id", "cartId", "DateCreated", "ShippingAdress", "OrderStatusId", "UserId") VALUES ('3100', '4154', '20200922 17:15:49.343', '', '0', '28');
INSERT INTO "main"."PyCommerce_ordermasters" ("Id", "cartId", "DateCreated", "ShippingAdress", "OrderStatusId", "UserId") VALUES ('3101', '4159', '20200922 17:19:39.927', '', '0', '28');
INSERT INTO "main"."PyCommerce_ordermasters" ("Id", "cartId", "DateCreated", "ShippingAdress", "OrderStatusId", "UserId") VALUES ('3102', '4160', '20200922 17:21:50.860', '', '0', '28');
INSERT INTO "main"."PyCommerce_ordermasters" ("Id", "cartId", "DateCreated", "ShippingAdress", "OrderStatusId", "UserId") VALUES ('3103', '4161', '20200922 19:05:56.193', '', '0', '28');
INSERT INTO "main"."PyCommerce_ordermasters" ("Id", "cartId", "DateCreated", "ShippingAdress", "OrderStatusId", "UserId") VALUES ('3104', '4162', '20200925 16:54:39.500', '', '0', '28');
INSERT INTO "main"."PyCommerce_ordermasters" ("Id", "cartId", "DateCreated", "ShippingAdress", "OrderStatusId", "UserId") VALUES ('3105', '3144', '20200927 11:28:50.410', '', '0', '6');
INSERT INTO "main"."PyCommerce_ordermasters" ("Id", "cartId", "DateCreated", "ShippingAdress", "OrderStatusId", "UserId") VALUES ('3106', '4163', '20200928 13:16:21.547', '', '1', '28');
INSERT INTO "main"."PyCommerce_ordermasters" ("Id", "cartId", "DateCreated", "ShippingAdress", "OrderStatusId", "UserId") VALUES ('3107', '4164', '20200928 17:36:18.280', '', '0', '6');
INSERT INTO "main"."PyCommerce_ordermasters" ("Id", "cartId", "DateCreated", "ShippingAdress", "OrderStatusId", "UserId") VALUES ('3108', '4166', '20201001 21:35:58.307', '', '0', '6');
INSERT INTO "main"."PyCommerce_ordermasters" ("Id", "cartId", "DateCreated", "ShippingAdress", "OrderStatusId", "UserId") VALUES ('3109', '4167', '20201001 23:07:28.647', '', '2', '6');
INSERT INTO "main"."PyCommerce_ordermasters" ("Id", "cartId", "DateCreated", "ShippingAdress", "OrderStatusId", "UserId") VALUES ('3110', '4168', '20201006 14:15:03.270', '', '0', '6');
INSERT INTO "main"."PyCommerce_ordermasters" ("Id", "cartId", "DateCreated", "ShippingAdress", "OrderStatusId", "UserId") VALUES ('3111', '4169', '20201008 17:18:10.690', '', '0', '6');
INSERT INTO "main"."PyCommerce_ordermasters" ("Id", "cartId", "DateCreated", "ShippingAdress", "OrderStatusId", "UserId") VALUES ('3112', '4170', '20201008 17:19:43.697', '', '0', '6');
INSERT INTO "main"."PyCommerce_ordermasters" ("Id", "cartId", "DateCreated", "ShippingAdress", "OrderStatusId", "UserId") VALUES ('3113', '4171', '20201008 17:21:31.280', '', '0', '6');
INSERT INTO "main"."PyCommerce_ordermasters" ("Id", "cartId", "DateCreated", "ShippingAdress", "OrderStatusId", "UserId") VALUES ('3114', '4173', '20201008 17:24:41.150', '', '0', '6');

INSERT INTO "main"."PyCommerce_orders" ("Id", "ProductId", "StoreId", "cartId", "UserId", "Quantity", "ShippingAgentId", "UnitPrice", "TotalPrice", "isDelivered", "DeliveredByUserId", "Latitude", "Longitude", "MasterId") VALUES ('2064', '6', '17', '', '13', '1.0', '1', '10000.0', '10000.0', '1', '28', '37.4216266', '-122.0838574', '2046');
INSERT INTO "main"."PyCommerce_orders" ("Id", "ProductId", "StoreId", "cartId", "UserId", "Quantity", "ShippingAgentId", "UnitPrice", "TotalPrice", "isDelivered", "DeliveredByUserId", "Latitude", "Longitude", "MasterId") VALUES ('2065', '19', '17', '', '13', '1.0', '1', '35000.0', '35000.0', '1', '1', '30.063750', '31.338130', '2046');
INSERT INTO "main"."PyCommerce_orders" ("Id", "ProductId", "StoreId", "cartId", "UserId", "Quantity", "ShippingAgentId", "UnitPrice", "TotalPrice", "isDelivered", "DeliveredByUserId", "Latitude", "Longitude", "MasterId") VALUES ('2066', '3', '17', '', '13', '1.0', '1', '10000.0', '10000.0', '1', '1', '30.063750', '31.338130', '2047');
INSERT INTO "main"."PyCommerce_orders" ("Id", "ProductId", "StoreId", "cartId", "UserId", "Quantity", "ShippingAgentId", "UnitPrice", "TotalPrice", "isDelivered", "DeliveredByUserId", "Latitude", "Longitude", "MasterId") VALUES ('2067', '35', '17', '', '13', '1.0', '1', '4299.0', '4299.0', '1', '1', '30.063750', '31.338130', '2047');
INSERT INTO "main"."PyCommerce_orders" ("Id", "ProductId", "StoreId", "cartId", "UserId", "Quantity", "ShippingAgentId", "UnitPrice", "TotalPrice", "isDelivered", "DeliveredByUserId", "Latitude", "Longitude", "MasterId") VALUES ('2068', '2', '17', '', '1', '1.0', '1', '20000.0', '20000.0', '1', '1', '30.063750', '31.338130', '2048');
INSERT INTO "main"."PyCommerce_orders" ("Id", "ProductId", "StoreId", "cartId", "UserId", "Quantity", "ShippingAgentId", "UnitPrice", "TotalPrice", "isDelivered", "DeliveredByUserId", "Latitude", "Longitude", "MasterId") VALUES ('2073', '5', '17', '', '1', '1.0', '1', '20000.0', '20000.0', '1', '1', '30.063750', '31.338130', '2050');
INSERT INTO "main"."PyCommerce_orders" ("Id", "ProductId", "StoreId", "cartId", "UserId", "Quantity", "ShippingAgentId", "UnitPrice", "TotalPrice", "isDelivered", "DeliveredByUserId", "Latitude", "Longitude", "MasterId") VALUES ('2074', '6', '17', '', '1', '1.0', '1', '10000.0', '10000.0', '1', '1', '30.063750', '31.338130', '2050');
INSERT INTO "main"."PyCommerce_orders" ("Id", "ProductId", "StoreId", "cartId", "UserId", "Quantity", "ShippingAgentId", "UnitPrice", "TotalPrice", "isDelivered", "DeliveredByUserId", "Latitude", "Longitude", "MasterId") VALUES ('2075', '2', '17', '', '1', '1.0', '1', '20000.0', '20000.0', '1', '1', '30.063750', '31.338130', '2051');
INSERT INTO "main"."PyCommerce_orders" ("Id", "ProductId", "StoreId", "cartId", "UserId", "Quantity", "ShippingAgentId", "UnitPrice", "TotalPrice", "isDelivered", "DeliveredByUserId", "Latitude", "Longitude", "MasterId") VALUES ('2076', '1', '17', '', '1', '1.0', '1', '10000.0', '10000.0', '1', '1', '30.063750', '31.338130', '2056');
INSERT INTO "main"."PyCommerce_orders" ("Id", "ProductId", "StoreId", "cartId", "UserId", "Quantity", "ShippingAgentId", "UnitPrice", "TotalPrice", "isDelivered", "DeliveredByUserId", "Latitude", "Longitude", "MasterId") VALUES ('2077', '5', '17', '', '1', '1.0', '1', '20000.0', '20000.0', '1', '1', '30.063750', '31.338130', '2056');
INSERT INTO "main"."PyCommerce_orders" ("Id", "ProductId", "StoreId", "cartId", "UserId", "Quantity", "ShippingAgentId", "UnitPrice", "TotalPrice", "isDelivered", "DeliveredByUserId", "Latitude", "Longitude", "MasterId") VALUES ('2078', '36', '17', '', '1', '1.0', '1', '3199.0', '3199.0', '1', '1', '30.063750', '31.338130', '2056');
INSERT INTO "main"."PyCommerce_orders" ("Id", "ProductId", "StoreId", "cartId", "UserId", "Quantity", "ShippingAgentId", "UnitPrice", "TotalPrice", "isDelivered", "DeliveredByUserId", "Latitude", "Longitude", "MasterId") VALUES ('2079', '19', '17', '', '1', '1.0', '1', '35000.0', '35000.0', '1', '1', '30.063750', '31.338130', '2056');
INSERT INTO "main"."PyCommerce_orders" ("Id", "ProductId", "StoreId", "cartId", "UserId", "Quantity", "ShippingAgentId", "UnitPrice", "TotalPrice", "isDelivered", "DeliveredByUserId", "Latitude", "Longitude", "MasterId") VALUES ('2080', '1', '17', '', '1', '1.0', '1', '10000.0', '10000.0', '1', '1', '30.063750', '31.338130', '2057');
INSERT INTO "main"."PyCommerce_orders" ("Id", "ProductId", "StoreId", "cartId", "UserId", "Quantity", "ShippingAgentId", "UnitPrice", "TotalPrice", "isDelivered", "DeliveredByUserId", "Latitude", "Longitude", "MasterId") VALUES ('2081', '6', '17', '', '1', '1.0', '1', '10000.0', '10000.0', '1', '1', '30.063750', '31.338130', '2058');
INSERT INTO "main"."PyCommerce_orders" ("Id", "ProductId", "StoreId", "cartId", "UserId", "Quantity", "ShippingAgentId", "UnitPrice", "TotalPrice", "isDelivered", "DeliveredByUserId", "Latitude", "Longitude", "MasterId") VALUES ('2082', '4', '17', '', '1', '1.0', '1', '20000.0', '20000.0', '1', '1', '30.063750', '31.338130', '2058');
INSERT INTO "main"."PyCommerce_orders" ("Id", "ProductId", "StoreId", "cartId", "UserId", "Quantity", "ShippingAgentId", "UnitPrice", "TotalPrice", "isDelivered", "DeliveredByUserId", "Latitude", "Longitude", "MasterId") VALUES ('2083', '1', '17', '', '1', '1.0', '1', '10000.0', '10000.0', '1', '28', '30.063750', '31.338130', '2059');
INSERT INTO "main"."PyCommerce_orders" ("Id", "ProductId", "StoreId", "cartId", "UserId", "Quantity", "ShippingAgentId", "UnitPrice", "TotalPrice", "isDelivered", "DeliveredByUserId", "Latitude", "Longitude", "MasterId") VALUES ('2084', '25', '23', '', '1', '1.0', '4', '750.0', '750.0', '1', '28', '30.063750', '31.338130', '2060');
INSERT INTO "main"."PyCommerce_orders" ("Id", "ProductId", "StoreId", "cartId", "UserId", "Quantity", "ShippingAgentId", "UnitPrice", "TotalPrice", "isDelivered", "DeliveredByUserId", "Latitude", "Longitude", "MasterId") VALUES ('2092', '1', '17', '', '1', '1.0', '1', '10000.0', '10000.0', '', '1', '37.4216821', '-122.0839291', '2061');
INSERT INTO "main"."PyCommerce_orders" ("Id", "ProductId", "StoreId", "cartId", "UserId", "Quantity", "ShippingAgentId", "UnitPrice", "TotalPrice", "isDelivered", "DeliveredByUserId", "Latitude", "Longitude", "MasterId") VALUES ('2093', '1', '17', '', '1', '1.0', '1', '10000.0', '10000.0', '', '1', '30.0140145', '31.2133731', '2062');
INSERT INTO "main"."PyCommerce_orders" ("Id", "ProductId", "StoreId", "cartId", "UserId", "Quantity", "ShippingAgentId", "UnitPrice", "TotalPrice", "isDelivered", "DeliveredByUserId", "Latitude", "Longitude", "MasterId") VALUES ('2094', '19', '23', '', '1', '1.0', '4', '35000.0', '35000.0', '', '1', '', '', '2062');
INSERT INTO "main"."PyCommerce_orders" ("Id", "ProductId", "StoreId", "cartId", "UserId", "Quantity", "ShippingAgentId", "UnitPrice", "TotalPrice", "isDelivered", "DeliveredByUserId", "Latitude", "Longitude", "MasterId") VALUES ('2095', '1', '17', '', '1', '1.0', '1', '10000.0', '10000.0', '', '1', '', '', '2063');
INSERT INTO "main"."PyCommerce_orders" ("Id", "ProductId", "StoreId", "cartId", "UserId", "Quantity", "ShippingAgentId", "UnitPrice", "TotalPrice", "isDelivered", "DeliveredByUserId", "Latitude", "Longitude", "MasterId") VALUES ('2096', '5', '17', '', '1', '1.0', '1', '20000.0', '20000.0', '', '1', '', '', '2063');
INSERT INTO "main"."PyCommerce_orders" ("Id", "ProductId", "StoreId", "cartId", "UserId", "Quantity", "ShippingAgentId", "UnitPrice", "TotalPrice", "isDelivered", "DeliveredByUserId", "Latitude", "Longitude", "MasterId") VALUES ('2097', '25', '23', '', '6', '1.0', '4', '750.0', '750.0', '1', '6', '', '', '2064');
INSERT INTO "main"."PyCommerce_orders" ("Id", "ProductId", "StoreId", "cartId", "UserId", "Quantity", "ShippingAgentId", "UnitPrice", "TotalPrice", "isDelivered", "DeliveredByUserId", "Latitude", "Longitude", "MasterId") VALUES ('2098', '35', '23', '', '6', '1.0', '4', '4299.0', '4299.0', '1', '6', '', '', '2065');
INSERT INTO "main"."PyCommerce_orders" ("Id", "ProductId", "StoreId", "cartId", "UserId", "Quantity", "ShippingAgentId", "UnitPrice", "TotalPrice", "isDelivered", "DeliveredByUserId", "Latitude", "Longitude", "MasterId") VALUES ('2099', '19', '25', '', '6', '1.0', '4', '35000.0', '35000.0', '1', '6', '', '', '2071');
INSERT INTO "main"."PyCommerce_orders" ("Id", "ProductId", "StoreId", "cartId", "UserId", "Quantity", "ShippingAgentId", "UnitPrice", "TotalPrice", "isDelivered", "DeliveredByUserId", "Latitude", "Longitude", "MasterId") VALUES ('2100', '1', '17', '', '1', '2.0', '1', '10000.0', '20000.0', '', '1', '', '', '2072');
INSERT INTO "main"."PyCommerce_orders" ("Id", "ProductId", "StoreId", "cartId", "UserId", "Quantity", "ShippingAgentId", "UnitPrice", "TotalPrice", "isDelivered", "DeliveredByUserId", "Latitude", "Longitude", "MasterId") VALUES ('2101', '5', '17', '', '1', '2.0', '1', '20000.0', '40000.0', '', '1', '', '', '2072');
INSERT INTO "main"."PyCommerce_orders" ("Id", "ProductId", "StoreId", "cartId", "UserId", "Quantity", "ShippingAgentId", "UnitPrice", "TotalPrice", "isDelivered", "DeliveredByUserId", "Latitude", "Longitude", "MasterId") VALUES ('2102', '1', '17', '', '1', '1.0', '1', '10000.0', '10000.0', '', '1', '', '', '2073');
INSERT INTO "main"."PyCommerce_orders" ("Id", "ProductId", "StoreId", "cartId", "UserId", "Quantity", "ShippingAgentId", "UnitPrice", "TotalPrice", "isDelivered", "DeliveredByUserId", "Latitude", "Longitude", "MasterId") VALUES ('2103', '19', '17', '', '6', '1.0', '1', '35000.0', '35000.0', '', '1', '', '', '2074');
INSERT INTO "main"."PyCommerce_orders" ("Id", "ProductId", "StoreId", "cartId", "UserId", "Quantity", "ShippingAgentId", "UnitPrice", "TotalPrice", "isDelivered", "DeliveredByUserId", "Latitude", "Longitude", "MasterId") VALUES ('2104', '1', '17', '', '6', '1.0', '1', '10000.0', '10000.0', '', '1', '', '', '2074');
INSERT INTO "main"."PyCommerce_orders" ("Id", "ProductId", "StoreId", "cartId", "UserId", "Quantity", "ShippingAgentId", "UnitPrice", "TotalPrice", "isDelivered", "DeliveredByUserId", "Latitude", "Longitude", "MasterId") VALUES ('2105', '19', '17', '', '1', '1.0', '1', '35000.0', '35000.0', '', '1', '', '', '2075');
INSERT INTO "main"."PyCommerce_orders" ("Id", "ProductId", "StoreId", "cartId", "UserId", "Quantity", "ShippingAgentId", "UnitPrice", "TotalPrice", "isDelivered", "DeliveredByUserId", "Latitude", "Longitude", "MasterId") VALUES ('2106', '9', '23', '', '1', '1.0', '4', '20000.0', '20000.0', '1', '6', '', '', '2075');
INSERT INTO "main"."PyCommerce_orders" ("Id", "ProductId", "StoreId", "cartId", "UserId", "Quantity", "ShippingAgentId", "UnitPrice", "TotalPrice", "isDelivered", "DeliveredByUserId", "Latitude", "Longitude", "MasterId") VALUES ('2107', '5', '17', '', '1', '1.0', '1', '20000.0', '20000.0', '', '1', '', '', '2075');
INSERT INTO "main"."PyCommerce_orders" ("Id", "ProductId", "StoreId", "cartId", "UserId", "Quantity", "ShippingAgentId", "UnitPrice", "TotalPrice", "isDelivered", "DeliveredByUserId", "Latitude", "Longitude", "MasterId") VALUES ('2108', '19', '25', '', '1', '1.0', '4', '35000.0', '35000.0', '', '1', '', '', '2076');
INSERT INTO "main"."PyCommerce_orders" ("Id", "ProductId", "StoreId", "cartId", "UserId", "Quantity", "ShippingAgentId", "UnitPrice", "TotalPrice", "isDelivered", "DeliveredByUserId", "Latitude", "Longitude", "MasterId") VALUES ('2109', '33', '23', '', '1', '1.0', '4', '2298.0', '2298.0', '', '1', '', '', '2077');
INSERT INTO "main"."PyCommerce_orders" ("Id", "ProductId", "StoreId", "cartId", "UserId", "Quantity", "ShippingAgentId", "UnitPrice", "TotalPrice", "isDelivered", "DeliveredByUserId", "Latitude", "Longitude", "MasterId") VALUES ('2110', '19', '25', '', '6', '1.0', '4', '35000.0', '35000.0', '', '1', '', '', '2078');
INSERT INTO "main"."PyCommerce_orders" ("Id", "ProductId", "StoreId", "cartId", "UserId", "Quantity", "ShippingAgentId", "UnitPrice", "TotalPrice", "isDelivered", "DeliveredByUserId", "Latitude", "Longitude", "MasterId") VALUES ('2111', '3', '17', '', '6', '1.0', '1', '10000.0', '10000.0', '', '1', '', '', '2079');
INSERT INTO "main"."PyCommerce_orders" ("Id", "ProductId", "StoreId", "cartId", "UserId", "Quantity", "ShippingAgentId", "UnitPrice", "TotalPrice", "isDelivered", "DeliveredByUserId", "Latitude", "Longitude", "MasterId") VALUES ('2112', '19', '17', '', '6', '1.0', '1', '35000.0', '35000.0', '', '1', '', '', '2080');
INSERT INTO "main"."PyCommerce_orders" ("Id", "ProductId", "StoreId", "cartId", "UserId", "Quantity", "ShippingAgentId", "UnitPrice", "TotalPrice", "isDelivered", "DeliveredByUserId", "Latitude", "Longitude", "MasterId") VALUES ('2113', '1025', '17', '', '6', '1.0', '1', '199.0', '199.0', '', '1', '', '', '2081');
INSERT INTO "main"."PyCommerce_orders" ("Id", "ProductId", "StoreId", "cartId", "UserId", "Quantity", "ShippingAgentId", "UnitPrice", "TotalPrice", "isDelivered", "DeliveredByUserId", "Latitude", "Longitude", "MasterId") VALUES ('2114', '1029', '17', '', '6', '1.0', '1', '2190.0', '2190.0', '', '1', '', '', '2081');
INSERT INTO "main"."PyCommerce_orders" ("Id", "ProductId", "StoreId", "cartId", "UserId", "Quantity", "ShippingAgentId", "UnitPrice", "TotalPrice", "isDelivered", "DeliveredByUserId", "Latitude", "Longitude", "MasterId") VALUES ('2115', '19', '17', '', '6', '1.0', '1', '35000.0', '35000.0', '', '1', '', '', '2082');
INSERT INTO "main"."PyCommerce_orders" ("Id", "ProductId", "StoreId", "cartId", "UserId", "Quantity", "ShippingAgentId", "UnitPrice", "TotalPrice", "isDelivered", "DeliveredByUserId", "Latitude", "Longitude", "MasterId") VALUES ('2116', '9', '17', '', '6', '1.0', '1', '20000.0', '20000.0', '', '1', '', '', '2083');
INSERT INTO "main"."PyCommerce_orders" ("Id", "ProductId", "StoreId", "cartId", "UserId", "Quantity", "ShippingAgentId", "UnitPrice", "TotalPrice", "isDelivered", "DeliveredByUserId", "Latitude", "Longitude", "MasterId") VALUES ('2117', '10', '17', '', '6', '1.0', '1', '10000.0', '10000.0', '', '1', '', '', '2084');
INSERT INTO "main"."PyCommerce_orders" ("Id", "ProductId", "StoreId", "cartId", "UserId", "Quantity", "ShippingAgentId", "UnitPrice", "TotalPrice", "isDelivered", "DeliveredByUserId", "Latitude", "Longitude", "MasterId") VALUES ('2118', '1', '17', '', '6', '1.0', '1', '10000.0', '10000.0', '', '1', '', '', '2085');
INSERT INTO "main"."PyCommerce_orders" ("Id", "ProductId", "StoreId", "cartId", "UserId", "Quantity", "ShippingAgentId", "UnitPrice", "TotalPrice", "isDelivered", "DeliveredByUserId", "Latitude", "Longitude", "MasterId") VALUES ('2119', '2', '23', '', '6', '1.0', '4', '20000.0', '20000.0', '', '1', '', '', '2085');
INSERT INTO "main"."PyCommerce_orders" ("Id", "ProductId", "StoreId", "cartId", "UserId", "Quantity", "ShippingAgentId", "UnitPrice", "TotalPrice", "isDelivered", "DeliveredByUserId", "Latitude", "Longitude", "MasterId") VALUES ('2120', '19', '17', '', '6', '1.0', '1', '35000.0', '35000.0', '', '1', '', '', '2086');
INSERT INTO "main"."PyCommerce_orders" ("Id", "ProductId", "StoreId", "cartId", "UserId", "Quantity", "ShippingAgentId", "UnitPrice", "TotalPrice", "isDelivered", "DeliveredByUserId", "Latitude", "Longitude", "MasterId") VALUES ('2121', '19', '25', '', '6', '3.0', '4', '35000.0', '105000.0', '', '1', '', '', '2087');
INSERT INTO "main"."PyCommerce_orders" ("Id", "ProductId", "StoreId", "cartId", "UserId", "Quantity", "ShippingAgentId", "UnitPrice", "TotalPrice", "isDelivered", "DeliveredByUserId", "Latitude", "Longitude", "MasterId") VALUES ('2122', '1', '17', '', '6', '1.0', '1', '10000.0', '10000.0', '', '1', '', '', '2087');
INSERT INTO "main"."PyCommerce_orders" ("Id", "ProductId", "StoreId", "cartId", "UserId", "Quantity", "ShippingAgentId", "UnitPrice", "TotalPrice", "isDelivered", "DeliveredByUserId", "Latitude", "Longitude", "MasterId") VALUES ('2123', '5', '17', '', '6', '1.0', '1', '20000.0', '20000.0', '', '1', '', '', '2087');
INSERT INTO "main"."PyCommerce_orders" ("Id", "ProductId", "StoreId", "cartId", "UserId", "Quantity", "ShippingAgentId", "UnitPrice", "TotalPrice", "isDelivered", "DeliveredByUserId", "Latitude", "Longitude", "MasterId") VALUES ('2124', '5', '17', '', '28', '1.0', '1', '20000.0', '20000.0', '', '1', '30.057934', '31.3388561', '2088');
INSERT INTO "main"."PyCommerce_orders" ("Id", "ProductId", "StoreId", "cartId", "UserId", "Quantity", "ShippingAgentId", "UnitPrice", "TotalPrice", "isDelivered", "DeliveredByUserId", "Latitude", "Longitude", "MasterId") VALUES ('2125', '1', '17', '', '28', '2.0', '1', '10000.0', '20000.0', '1', '28', '30.0579229', '31.3388581', '2088');
INSERT INTO "main"."PyCommerce_orders" ("Id", "ProductId", "StoreId", "cartId", "UserId", "Quantity", "ShippingAgentId", "UnitPrice", "TotalPrice", "isDelivered", "DeliveredByUserId", "Latitude", "Longitude", "MasterId") VALUES ('2126', '1', '17', '', '28', '2.0', '1', '10000.0', '20000.0', '', '1', '30.0579229', '31.3388581', '2089');
INSERT INTO "main"."PyCommerce_orders" ("Id", "ProductId", "StoreId", "cartId", "UserId", "Quantity", "ShippingAgentId", "UnitPrice", "TotalPrice", "isDelivered", "DeliveredByUserId", "Latitude", "Longitude", "MasterId") VALUES ('2127', '2', '17', '', '28', '1.0', '1', '20000.0', '20000.0', '', '1', '30.0579416', '31.3388713', '2089');
INSERT INTO "main"."PyCommerce_orders" ("Id", "ProductId", "StoreId", "cartId", "UserId", "Quantity", "ShippingAgentId", "UnitPrice", "TotalPrice", "isDelivered", "DeliveredByUserId", "Latitude", "Longitude", "MasterId") VALUES ('2142', '7', '17', '', '28', '1.0', '1', '10000.0', '10000.0', '', '1', '30.0579511', '31.3388708', '2103');
INSERT INTO "main"."PyCommerce_orders" ("Id", "ProductId", "StoreId", "cartId", "UserId", "Quantity", "ShippingAgentId", "UnitPrice", "TotalPrice", "isDelivered", "DeliveredByUserId", "Latitude", "Longitude", "MasterId") VALUES ('2143', '8', '17', '', '28', '1.0', '1', '20000.0', '20000.0', '', '1', '30.057937', '31.338868', '2104');
INSERT INTO "main"."PyCommerce_orders" ("Id", "ProductId", "StoreId", "cartId", "UserId", "Quantity", "ShippingAgentId", "UnitPrice", "TotalPrice", "isDelivered", "DeliveredByUserId", "Latitude", "Longitude", "MasterId") VALUES ('2144', '24', '17', '', '13', '1.0', '1', '23.75', '23.75', '', '1', '30.0579832', '31.3388792', '2105');
INSERT INTO "main"."PyCommerce_orders" ("Id", "ProductId", "StoreId", "cartId", "UserId", "Quantity", "ShippingAgentId", "UnitPrice", "TotalPrice", "isDelivered", "DeliveredByUserId", "Latitude", "Longitude", "MasterId") VALUES ('2145', '29', '23', '', '28', '1.0', '4', '2049.0', '2049.0', '', '1', '30.0579895', '31.3388768', '2106');
INSERT INTO "main"."PyCommerce_orders" ("Id", "ProductId", "StoreId", "cartId", "UserId", "Quantity", "ShippingAgentId", "UnitPrice", "TotalPrice", "isDelivered", "DeliveredByUserId", "Latitude", "Longitude", "MasterId") VALUES ('3133', '7', '17', '', '28', '1.0', '1', '10000.0', '10000.0', '', '1', '', '', '3094');
INSERT INTO "main"."PyCommerce_orders" ("Id", "ProductId", "StoreId", "cartId", "UserId", "Quantity", "ShippingAgentId", "UnitPrice", "TotalPrice", "isDelivered", "DeliveredByUserId", "Latitude", "Longitude", "MasterId") VALUES ('3137', '29', '17', '', '28', '1.0', '1', '2049.0', '2049.0', '', '1', '30.0579895', '31.3388768', '3094');
INSERT INTO "main"."PyCommerce_orders" ("Id", "ProductId", "StoreId", "cartId", "UserId", "Quantity", "ShippingAgentId", "UnitPrice", "TotalPrice", "isDelivered", "DeliveredByUserId", "Latitude", "Longitude", "MasterId") VALUES ('3138', '34', '17', '', '28', '1.0', '1', '7000.0', '7000.0', '', '1', '30.057978', '31.3388784', '3095');
INSERT INTO "main"."PyCommerce_orders" ("Id", "ProductId", "StoreId", "cartId", "UserId", "Quantity", "ShippingAgentId", "UnitPrice", "TotalPrice", "isDelivered", "DeliveredByUserId", "Latitude", "Longitude", "MasterId") VALUES ('3139', '8', '17', '', '28', '1.0', '1', '20000.0', '20000.0', '', '1', '', '', '3096');
INSERT INTO "main"."PyCommerce_orders" ("Id", "ProductId", "StoreId", "cartId", "UserId", "Quantity", "ShippingAgentId", "UnitPrice", "TotalPrice", "isDelivered", "DeliveredByUserId", "Latitude", "Longitude", "MasterId") VALUES ('3140', '1', '17', '', '28', '1.0', '1', '10000.0', '10000.0', '', '1', '', '', '3097');
INSERT INTO "main"."PyCommerce_orders" ("Id", "ProductId", "StoreId", "cartId", "UserId", "Quantity", "ShippingAgentId", "UnitPrice", "TotalPrice", "isDelivered", "DeliveredByUserId", "Latitude", "Longitude", "MasterId") VALUES ('3141', '5', '17', '', '28', '1.0', '1', '20000.0', '20000.0', '', '1', '', '', '3098');
INSERT INTO "main"."PyCommerce_orders" ("Id", "ProductId", "StoreId", "cartId", "UserId", "Quantity", "ShippingAgentId", "UnitPrice", "TotalPrice", "isDelivered", "DeliveredByUserId", "Latitude", "Longitude", "MasterId") VALUES ('3142', '6', '17', '', '28', '1.0', '1', '10000.0', '10000.0', '', '1', '', '', '3099');
INSERT INTO "main"."PyCommerce_orders" ("Id", "ProductId", "StoreId", "cartId", "UserId", "Quantity", "ShippingAgentId", "UnitPrice", "TotalPrice", "isDelivered", "DeliveredByUserId", "Latitude", "Longitude", "MasterId") VALUES ('3143', '10', '17', '', '28', '1.0', '1', '10000.0', '10000.0', '', '1', '', '', '3100');
INSERT INTO "main"."PyCommerce_orders" ("Id", "ProductId", "StoreId", "cartId", "UserId", "Quantity", "ShippingAgentId", "UnitPrice", "TotalPrice", "isDelivered", "DeliveredByUserId", "Latitude", "Longitude", "MasterId") VALUES ('3144', '11', '17', '', '28', '1.0', '1', '10000.0', '10000.0', '', '1', '', '', '3101');
INSERT INTO "main"."PyCommerce_orders" ("Id", "ProductId", "StoreId", "cartId", "UserId", "Quantity", "ShippingAgentId", "UnitPrice", "TotalPrice", "isDelivered", "DeliveredByUserId", "Latitude", "Longitude", "MasterId") VALUES ('3145', '12', '17', '', '28', '1.0', '1', '20000.0', '20000.0', '', '1', '', '', '3102');
INSERT INTO "main"."PyCommerce_orders" ("Id", "ProductId", "StoreId", "cartId", "UserId", "Quantity", "ShippingAgentId", "UnitPrice", "TotalPrice", "isDelivered", "DeliveredByUserId", "Latitude", "Longitude", "MasterId") VALUES ('3146', '10', '17', '', '28', '1.0', '1', '10000.0', '10000.0', '', '1', '', '', '3103');
INSERT INTO "main"."PyCommerce_orders" ("Id", "ProductId", "StoreId", "cartId", "UserId", "Quantity", "ShippingAgentId", "UnitPrice", "TotalPrice", "isDelivered", "DeliveredByUserId", "Latitude", "Longitude", "MasterId") VALUES ('3147', '9', '17', '', '28', '1.0', '1', '20000.0', '20000.0', '', '1', '', '', '3104');
INSERT INTO "main"."PyCommerce_orders" ("Id", "ProductId", "StoreId", "cartId", "UserId", "Quantity", "ShippingAgentId", "UnitPrice", "TotalPrice", "isDelivered", "DeliveredByUserId", "Latitude", "Longitude", "MasterId") VALUES ('3148', '1', '17', '', '28', '1.0', '1', '10000.0', '10000.0', '', '1', '', '', '3104');
INSERT INTO "main"."PyCommerce_orders" ("Id", "ProductId", "StoreId", "cartId", "UserId", "Quantity", "ShippingAgentId", "UnitPrice", "TotalPrice", "isDelivered", "DeliveredByUserId", "Latitude", "Longitude", "MasterId") VALUES ('3149', '19', '17', '', '6', '1.0', '1', '35000.0', '35000.0', '', '1', '', '', '3105');
INSERT INTO "main"."PyCommerce_orders" ("Id", "ProductId", "StoreId", "cartId", "UserId", "Quantity", "ShippingAgentId", "UnitPrice", "TotalPrice", "isDelivered", "DeliveredByUserId", "Latitude", "Longitude", "MasterId") VALUES ('3150', '35', '17', '', '6', '1.0', '1', '4299.0', '4299.0', '', '1', '', '', '3105');
INSERT INTO "main"."PyCommerce_orders" ("Id", "ProductId", "StoreId", "cartId", "UserId", "Quantity", "ShippingAgentId", "UnitPrice", "TotalPrice", "isDelivered", "DeliveredByUserId", "Latitude", "Longitude", "MasterId") VALUES ('3151', '2', '17', '', '28', '5.0', '1', '20000.0', '100000.0', '', '1', '30.057937', '31.3388976', '3106');
INSERT INTO "main"."PyCommerce_orders" ("Id", "ProductId", "StoreId", "cartId", "UserId", "Quantity", "ShippingAgentId", "UnitPrice", "TotalPrice", "isDelivered", "DeliveredByUserId", "Latitude", "Longitude", "MasterId") VALUES ('3152', '13', '17', '', '6', '1.0', '1', '10000.0', '10000.0', '', '1', '', '', '3107');
INSERT INTO "main"."PyCommerce_orders" ("Id", "ProductId", "StoreId", "cartId", "UserId", "Quantity", "ShippingAgentId", "UnitPrice", "TotalPrice", "isDelivered", "DeliveredByUserId", "Latitude", "Longitude", "MasterId") VALUES ('3153', '6', '17', '', '6', '1.0', '1', '10000.0', '10000.0', '', '1', '', '', '3108');
INSERT INTO "main"."PyCommerce_orders" ("Id", "ProductId", "StoreId", "cartId", "UserId", "Quantity", "ShippingAgentId", "UnitPrice", "TotalPrice", "isDelivered", "DeliveredByUserId", "Latitude", "Longitude", "MasterId") VALUES ('3154', '4', '17', '', '6', '1.0', '1', '20000.0', '20000.0', '', '1', '', '', '3108');
INSERT INTO "main"."PyCommerce_orders" ("Id", "ProductId", "StoreId", "cartId", "UserId", "Quantity", "ShippingAgentId", "UnitPrice", "TotalPrice", "isDelivered", "DeliveredByUserId", "Latitude", "Longitude", "MasterId") VALUES ('3155', '5', '17', '', '6', '1.0', '1', '20000.0', '20000.0', '', '1', '', '', '3108');
INSERT INTO "main"."PyCommerce_orders" ("Id", "ProductId", "StoreId", "cartId", "UserId", "Quantity", "ShippingAgentId", "UnitPrice", "TotalPrice", "isDelivered", "DeliveredByUserId", "Latitude", "Longitude", "MasterId") VALUES ('3156', '19', '17', '', '6', '1.0', '1', '35000.0', '35000.0', '1', '28', '', '', '3109');
INSERT INTO "main"."PyCommerce_orders" ("Id", "ProductId", "StoreId", "cartId", "UserId", "Quantity", "ShippingAgentId", "UnitPrice", "TotalPrice", "isDelivered", "DeliveredByUserId", "Latitude", "Longitude", "MasterId") VALUES ('3157', '19', '17', '', '6', '1.0', '1', '35000.0', '35000.0', '', '1', '', '', '3110');
INSERT INTO "main"."PyCommerce_orders" ("Id", "ProductId", "StoreId", "cartId", "UserId", "Quantity", "ShippingAgentId", "UnitPrice", "TotalPrice", "isDelivered", "DeliveredByUserId", "Latitude", "Longitude", "MasterId") VALUES ('3158', '13', '17', '', '6', '1.0', '1', '10000.0', '10000.0', '', '1', '', '', '3110');
INSERT INTO "main"."PyCommerce_orders" ("Id", "ProductId", "StoreId", "cartId", "UserId", "Quantity", "ShippingAgentId", "UnitPrice", "TotalPrice", "isDelivered", "DeliveredByUserId", "Latitude", "Longitude", "MasterId") VALUES ('3159', '1', '17', '', '6', '1.0', '1', '10000.0', '10000.0', '', '1', '', '', '3111');
INSERT INTO "main"."PyCommerce_orders" ("Id", "ProductId", "StoreId", "cartId", "UserId", "Quantity", "ShippingAgentId", "UnitPrice", "TotalPrice", "isDelivered", "DeliveredByUserId", "Latitude", "Longitude", "MasterId") VALUES ('3160', '19', '17', '', '6', '1.0', '1', '35000.0', '35000.0', '', '1', '', '', '3111');
INSERT INTO "main"."PyCommerce_orders" ("Id", "ProductId", "StoreId", "cartId", "UserId", "Quantity", "ShippingAgentId", "UnitPrice", "TotalPrice", "isDelivered", "DeliveredByUserId", "Latitude", "Longitude", "MasterId") VALUES ('3161', '1', '17', '', '6', '1.0', '1', '10000.0', '10000.0', '', '1', '', '', '3112');
INSERT INTO "main"."PyCommerce_orders" ("Id", "ProductId", "StoreId", "cartId", "UserId", "Quantity", "ShippingAgentId", "UnitPrice", "TotalPrice", "isDelivered", "DeliveredByUserId", "Latitude", "Longitude", "MasterId") VALUES ('3162', '34', '23', '', '6', '1.0', '4', '7000.0', '7000.0', '', '1', '', '', '3112');
INSERT INTO "main"."PyCommerce_orders" ("Id", "ProductId", "StoreId", "cartId", "UserId", "Quantity", "ShippingAgentId", "UnitPrice", "TotalPrice", "isDelivered", "DeliveredByUserId", "Latitude", "Longitude", "MasterId") VALUES ('3163', '10', '17', '', '6', '1.0', '1', '10000.0', '10000.0', '', '1', '', '', '3113');
INSERT INTO "main"."PyCommerce_orders" ("Id", "ProductId", "StoreId", "cartId", "UserId", "Quantity", "ShippingAgentId", "UnitPrice", "TotalPrice", "isDelivered", "DeliveredByUserId", "Latitude", "Longitude", "MasterId") VALUES ('3164', '19', '17', '', '6', '1.0', '1', '35000.0', '35000.0', '', '1', '', '', '3114');

INSERT INTO "main"."PyCommerce_orderstatus" ("Id", "Code", "StatusNameA", "StatusNameL") VALUES ('0', '1', 'جاهز للشحن', 'Ready for Shipping');
INSERT INTO "main"."PyCommerce_orderstatus" ("Id", "Code", "StatusNameA", "StatusNameL") VALUES ('1', '2', 'خرج للتوصيل', 'Out for delivery');
INSERT INTO "main"."PyCommerce_orderstatus" ("Id", "Code", "StatusNameA", "StatusNameL") VALUES ('2', '3', 'تم التسليم', 'Delivered');
INSERT INTO "main"."PyCommerce_orderstatus" ("Id", "Code", "StatusNameA", "StatusNameL") VALUES ('3', '0', 'تم الإلغاء', 'Cancelled');

INSERT INTO "main"."PyCommerce_products" ("Id", "NameA", "NameL", "ImageUrl", "ImageUrl6", "CategoryId", "BrandId", "Description", "ImageUrl7") VALUES ('1', 'لابتوب اتش بى X360', 'HP Spectre X360 ', 'assets/images/1.jpg', 'https://lh3.googleusercontent.com/pw/ACtC-3f8hLnSzRsobxgZpP6Yy_BSXnywCINXiq962r224OGs6WKZAlvpblzSZArJ1-ijkTso1XWqlIvDz-db9tTjVhLUvYBo_AUYNOXvv1XSWeoBjwh2KvZfXgm8SCzNUN7MH7bF2Gb9fg3bTGPYV9wOlmI=w250-h161-no?authuser=0', '4', '2', 'HP Spectre X360 13-ap0010ne 13.3 Inch Touch Screen Laptop, 4K, Core i7 8th Generation, 16 GB RAM, 512 GB, Windows 10 - Dark Ash Silver', 'https://cf2.s3.souqcdn.com/item/2019/10/30/83/67/12/35/item_XL_83671235_da882dbb38796.jpg');
INSERT INTO "main"."PyCommerce_products" ("Id", "NameA", "NameL", "ImageUrl", "ImageUrl6", "CategoryId", "BrandId", "Description", "ImageUrl7") VALUES ('2', 'لابتوب لينوفو ideapad L340-15IWL ', 'Lenovo ideapad L340-15IWL ', 'assets/images/2.jpg', 'https://lh3.googleusercontent.com/pw/ACtC-3d8spBeWVHW2_lWvfZutww8hPNb5Ltyn2gKZqrLoxSN0ljAKgzJDFCpeTdNfpRUMvdOtDDXV2wfQUI3tM8cOI5N0Jv3NDYkgk27XhzEfM_XtFX1G9bxzYM5JdAMJIbwVSatZVDP4iNTcGjSv-VPVjE=w300-h219-no?authuser=0', '4', '5', 'Lenovo ideapad L340-15IWL laptop intel core i5-8265U, 8 GB RAM, 1 TB HDD, Nvidia GeForce MX110 2GB GDDR5 Graphic card , 15.6 inch HD, DOS , Granite Black', 'https://cf3.s3.souqcdn.com/item/2019/11/13/90/16/89/00/item_XL_90168900_ffa5858ec727d.jpg');
INSERT INTO "main"."PyCommerce_products" ("Id", "NameA", "NameL", "ImageUrl", "ImageUrl6", "CategoryId", "BrandId", "Description", "ImageUrl7") VALUES ('3', 'ديسك توب ديل 7010 MT', 'Dell Optiplex 7010 MT Desktop', 'assets/images/3.jpg', 'https://lh3.googleusercontent.com/pw/ACtC-3dafNeQiQKHHglarVb81zIZ8TNMGYRuVxnM3rqE_uKtpHydI0GY7NOq46GiRDlCpH-Zd1pyThldt5DIPD6tKYDo6QOhKM1xs6uays-4ENygeWsQ9TyThaotdVeECT2Bx4wLkuMZ3SMPV3jWad0zwhk=w300-h169-no?authuser=0', '5', '3', 'Dell Optiplex 7010 MT Desktop, Core i3 4GB RAM 320 GB HDD Windows 7 Professional', 'https://cf3.s3.souqcdn.com/item/2018/03/07/32/22/51/62/item_XL_32225162_115983241.jpg');
INSERT INTO "main"."PyCommerce_products" ("Id", "NameA", "NameL", "ImageUrl", "ImageUrl6", "CategoryId", "BrandId", "Description", "ImageUrl7") VALUES ('4', 'ديسك توب ايسر فيريتون', 'Acer Veriton Desktop', 'assets/images/4.jpg', 'https://lh3.googleusercontent.com/pw/ACtC-3fGUvICwqPgyu7X508r4-Qvhg8mnIxOxGgkeYzr9XggGx0KA61oDtYiWpFMAKl_UWWdi6IMyNY3rWxv5pqhA3d4nE5hTeEW06utj5PgbcPS0J6mOpJ7xcSI9IQZ_brhBjWbtA5OOoj7OWzHZ9dpLWc=w200-h286-no?authuser=0', '5', '6', 'Acer Veriton Processor Core i3-7100, 4 GB RAM, 1TB HDD, Black, DVD-WRITER - ES2710G', 'https://cf2.s3.souqcdn.com/item/2018/09/03/37/65/18/28/item_XL_37651828_146588235.jpg');
INSERT INTO "main"."PyCommerce_products" ("Id", "NameA", "NameL", "ImageUrl", "ImageUrl6", "CategoryId", "BrandId", "Description", "ImageUrl7") VALUES ('5', 'موبايل سامسونج جالاكسى A515F', 'Samsung A515F Galaxy A51', 'assets/images/5.jpg', 'https://lh3.googleusercontent.com/pw/ACtC-3dCMJRhAKF9xHXX4yfu7tPrJt5DcUnZdCoMX2eGRnerXiTtnRGALYyCZckEmPlLC1056gyLgeU4JPE5lHjEzXDb--VHNx-bd_a_D_AP9JIpIMxpaQG-13ZnuXvI6ME-IidU0VQREldidg6iAK0soGo=w200-h406-no?authuser=0', '6', '1', 'Samsung A515F Galaxy A51, Dual SIM, 128 GB, 6 GB RAM, 4G LTE, 6.5 Inch - Black', 'https://cf4.s3.souqcdn.com/item/2019/12/19/97/37/25/13/item_XL_97372513_939f0e71c9edd.jpg');
INSERT INTO "main"."PyCommerce_products" ("Id", "NameA", "NameL", "ImageUrl", "ImageUrl6", "CategoryId", "BrandId", "Description", "ImageUrl7") VALUES ('6', 'موبايل شاومى نوت 9', 'Xiaomi Redmi Note 9 Pro', 'assets/images/6.jpg', 'https://lh3.googleusercontent.com/pw/ACtC-3e4_a4zYz57Oo6GCwUFIfD_AVEUmL__mr5QX8ZOm6wFkM2Wa-sMdqzeeaw16dtz2OL_FUCVYmMaiGLXHkyYqKj54DRD1A5ONAfsoZbk7wuQgsWlnn7Mj9-GHORgCdyZdvNOnjSjaq8PMBLn2FCEpHI=w200-h234-no?authuser=0', '6', '7', 'Xiaomi Redmi Note 9 Pro Dual SIM Mobile - 6.67 Inch, 64 GB, 6 GB RAM, 4G LTE - Tropical Gree', 'https://cf2.s3.souqcdn.com/item/2020/06/10/13/09/57/47/8/item_XL_130957478_fc79fbffc535f.jpg');
INSERT INTO "main"."PyCommerce_products" ("Id", "NameA", "NameL", "ImageUrl", "ImageUrl6", "CategoryId", "BrandId", "Description", "ImageUrl7") VALUES ('7', 'جلاكسي ايه 10', 'Samsung Galaxy A10s', 'assets/images/7.jpg', 'https://lh3.googleusercontent.com/pw/ACtC-3dapsQJu48dYGZzHuAiHlwj2L9X83MWFzfdVOIYBjUuA3_4b6JHSVgHIfwXhso9v6raGHrh2z6ARsLzoYZwiITNZ5qRBx3XPrZFu9gy8RiVLHwolDe493twYVDZCjzFEhaUfJN6nSAHdmHea4i7_lM=w150-h289-no?authuser=0', '6', '1', 'Samsung Galaxy A10s Dual SIM - 32GB, 2GB RAM, 4G LTE, Blue', 'https://cf4.s3.souqcdn.com/item/2019/10/01/72/97/91/03/item_XL_72979103_15565c1611439.jpg');
INSERT INTO "main"."PyCommerce_products" ("Id", "NameA", "NameL", "ImageUrl", "ImageUrl6", "CategoryId", "BrandId", "Description", "ImageUrl7") VALUES ('8', 'جلاكسي ايه 21', 'Samsung Galaxy A21s', 'assets/images/8.jpg', 'https://lh3.googleusercontent.com/pw/ACtC-3eWxg_cXj-K_DMCFly9qtfD9rSa2eyvfjCQMXodb-faYrLjqtno-vFCSq5Cq1yuCAMhGXqS-bkCuKq8i44o2U6xaF0quG6kC8xOd3v2DRirTlKSIIGs0u_M_94hA2_E-i7dlNfqvcDJig3Udq0xrz0=w100-h205-no?authuser=0', '6', '1', 'Samsung Galaxy A21s SM-A217FZBGEGY Dual SIM Mobile - 6.5 Inch, 64 GB, 4 GB RAM, 4G LTE - Blue', 'https://cf4.s3.souqcdn.com/item/2020/06/11/13/09/88/59/4/item_XL_130988594_8113c2bf69009.jpg');
INSERT INTO "main"."PyCommerce_products" ("Id", "NameA", "NameL", "ImageUrl", "ImageUrl6", "CategoryId", "BrandId", "Description", "ImageUrl7") VALUES ('9', 'لاب توب لينوفو 81TK009VED', 'Lenovo 81TK009VED', 'assets/images/9.jpg', 'https://lh3.googleusercontent.com/pw/ACtC-3eMLRkcUB7oy8u1w3uUEL4OMmon-6mXN4Kff3Yiu1F9UpU8tacSxO9uU-o8YfGktosoC0qa827j7i39iJ_nYSb-uHDb04whkhHMnMLXzhdiI-hk4fNC1BrY-MOUrLiOEA6xwLG_py08cSRGEaxh6JE=w200-h154-no?authuser=0', '4', '5', 'Lenovo 81TK009VED ideapad C340-14IML Laptop - 14 Inch FHD Touch, Intel Core i3-10110U, 256GB SSD, 4 GB RAM, Integrated Intel UHD Graphics, Windows - Abyss Blue	', 'https://cf4.s3.souqcdn.com/item/2020/02/26/11/77/07/52/1/item_XL_117707521_32df77b118a06.jpg');
INSERT INTO "main"."PyCommerce_products" ("Id", "NameA", "NameL", "ImageUrl", "ImageUrl6", "CategoryId", "BrandId", "Description", "ImageUrl7") VALUES ('10', 'لابتوب اسوس G531GW-AL203T', 'Asus G531GW-AL203T ', 'assets/images/10.jpg', 'https://lh3.googleusercontent.com/pw/ACtC-3e5Nq-z_cajf7S2G-fXiqwu4GeMEOPvTyrGgmmK5sTvgwDA9QjRLiXD1xf6pbVghN_YZoWqQE7v30faxZUIDEsVyq_w10CUqD6ZZfzr_y1KKnCJzLymxgRXQt0I7pCj0ZOJzk2_QojHVUaNuoDZJvo=w200-h190-no?authuser=0', '4', '8', 'Asus G531GW-AL203T ROG-Strix-G Gaming Laptop - 15.6-inch Full HD, Intel core i7-9750H, 1TB HDD and 512GB SSD, 16 GB RAM, NVIDIA GeForce RTX 2070 with 8GB GDDR6, Windows - Black', 'https://cf2.s3.souqcdn.com/item/2020/03/23/12/19/09/36/9/item_XL_121909369_0b4a54298fa49.jpg');
INSERT INTO "main"."PyCommerce_products" ("Id", "NameA", "NameL", "ImageUrl", "ImageUrl6", "CategoryId", "BrandId", "Description", "ImageUrl7") VALUES ('11', 'ديسك توب لينوفو F0DJ00LTED 520-24ICB', 'Lenovo F0DJ00LTED', 'assets/images/11.jpg', 'https://lh3.googleusercontent.com/pw/ACtC-3cryFV__6cxM_-hBmqQ6c-WfiCnrnH6fLZwRSxLzZuoNcd1aYtv5ifIiSN8wrHUMQnlWXH5azs79-4UpMvSMCs5okU_XEg04qME8XeBVXvu8bAJDJYHAtLhC2HMwaKhsdczOBOy_JRxyzKL7fIo454=w300-h228-no?authuser=0', '5', '5', 'Lenovo F0DJ00LTED 520-24ICB IdeaCentre All-in-One Desktop PC, Intel Core i7 Hexa Core Processor 8th Generation, 23.8 Inch Touch Screen, Full HD, 1 TB HDD, 8 GB RAM, FreeDOS - Black', 'https://cf1.s3.souqcdn.com/item/2020/02/26/11/77/07/11/9/item_XL_117707119_1c4a3861ef8a3.jpg');
INSERT INTO "main"."PyCommerce_products" ("Id", "NameA", "NameL", "ImageUrl", "ImageUrl6", "CategoryId", "BrandId", "Description", "ImageUrl7") VALUES ('12', 'ابل اى مام MNE92', 'Latest Apple iMac MNE92 ', 'assets/images/12.jpg', 'https://lh3.googleusercontent.com/pw/ACtC-3fAtVMnyoZcp8WjZeUgz1dH9jNpzpUcLxdwWQkZuVbBmHH7fhRa2gQ6vyCnTUFLNlQmw63S7csX7uqeV4R8j5GKL5vZTdRl9ZGgrJ06SJbg3b5N7K1EHSTDM7QR23uhorWxBGyANrFojN4eWJK4jYg=w200-h174-no?authuser=0', '5', '9', 'Latest Apple iMac MNE92 Desktop -Intel Core i5, 3.4 Ghz dual-core, 27-Inch Retina 5K, 1TB Fusion Drive, 8GB, 4GB VGA-Radeon Pro 570, Eng-Ar KB, macOS Sierra, Silver - Middle East Versio', 'https://cf2.s3.souqcdn.com/item/2017/08/20/23/85/87/30/item_XL_23858730_34604871.jpg');
INSERT INTO "main"."PyCommerce_products" ("Id", "NameA", "NameL", "ImageUrl", "ImageUrl6", "CategoryId", "BrandId", "Description", "ImageUrl7") VALUES ('13', 'K6 لينوثو ', 'Lenovo K6', 'assets/images/13.jpg', 'https://lh3.googleusercontent.com/pw/ACtC-3cVf13on2OCPPQtTAI6TZMNTnKIRRSA0dEhdX9jgdma5KNq91etZsWSBF5SDKHvJzSoYlk-pR9XwbE1FvQAONFRvL_bGerPV5aJz387pbUllMKG5W8CvmuqqmluWIishTrbhjJA1mqS5DPisbKiVVQ=w100-h212-no?authuser=0', '6', '5', 'Lenovo K10 Dual SIM - 64GB, 4GB RAM, 4G LTE, Gunmetal', 'https://jawalmax.com/wp-content/uploads/2019/06/Lenovo-K6-Enjoy-500x500.jpg');
INSERT INTO "main"."PyCommerce_products" ("Id", "NameA", "NameL", "ImageUrl", "ImageUrl6", "CategoryId", "BrandId", "Description", "ImageUrl7") VALUES ('14', 'A30s سامسونج جلاكسي ', 'Samsung Galaxy A30s', 'assets/images/14.jpg', 'https://lh3.googleusercontent.com/pw/ACtC-3eu1ZiOGGjwD6q7oREU-LHuoICLUDAsquJCUqwhIu0W1-UTPSYdau67fqRh-sSXCgJ9CuOz8VomWQNP-k3qhnznoZPxQTZsfVN7LM-zefiGwDGEw-aYqw2ekYvMHFS6vxA756TqC0i9ErOtDd6zZ40=s150-no?authuser=0', '6', '1', 'Samsung Galaxy A30s Dual SIM - 128GB, 4GB RAM, 4G LTE, Black', 'https://www.mobezone.com/wp-content/uploads/2019/11/Samsung-Galaxy-A51.jpg');
INSERT INTO "main"."PyCommerce_products" ("Id", "NameA", "NameL", "ImageUrl", "ImageUrl6", "CategoryId", "BrandId", "Description", "ImageUrl7") VALUES ('15', 'جلاكسي اس 9', 'Samsung Galaxy S9', 'assets/images/15.jpg', 'https://lh3.googleusercontent.com/pw/ACtC-3doAUOV02PFNX4Hj4j7J5pAmHJZuB5pAUgdshprEojQTSJh0_SpSSfWwPNOUTwedYyeyaEV5pFPHazKTKGrZfRLhnNj47eG8YQybCyKhipRMFcfL9Uuur7RL91U8zQcIZJ5ZeJgTJ8eQxh9Mz6SW9s=w100-h194-no?authuser=0', '6', '1', 'Samsung Galaxy S9 Dual Sim - 64GB, 4GB Ram,4G LTE, Lilac Purple - Middle East Versio', 'https://cf2.s3.souqcdn.com/item/2019/11/13/90/16/93/94/item_XL_90169394_2320c3f116183.jpg');
INSERT INTO "main"."PyCommerce_products" ("Id", "NameA", "NameL", "ImageUrl", "ImageUrl6", "CategoryId", "BrandId", "Description", "ImageUrl7") VALUES ('16', 'جلاكسي اس 10', 'Samsung Galaxy S10', 'assets/images/16.jpg', 'https://lh3.googleusercontent.com/pw/ACtC-3fiPqtIOAb1eKnEPJN_gyB-Gec0_WYKfW3gjCpxC55AgItU9xn5j06A5oGbHX02jbmgnCiaQ8LjOXcQtvDq28oyrVTyz-TK089U_h26WdJ9GXDQecB0_2KjZ3m-PAfAp_SajG-88DSFARbM83NOG2s=w100-h208-no?authuser=0', '6', '1', 'Samsung Galaxy S10 Dual Sim - 64GB, 4GB Ram,4G LTE, Lilac Purple - Middle East Versio', 'https://images.samsung.com/is/image/samsung/ae-ar-galaxy-s10-lite-g770-sm-g770fzkdxsg-frontprismblack-204576359?$PD_GALLERY_L_JPG$');
INSERT INTO "main"."PyCommerce_products" ("Id", "NameA", "NameL", "ImageUrl", "ImageUrl6", "CategoryId", "BrandId", "Description", "ImageUrl7") VALUES ('17', 'Lenovo YOGA C930 Laptop', 'Lenovo YOGA C930 Laptop', 'assets/images/17.jpg', 'https://lh3.googleusercontent.com/pw/ACtC-3dTXKGZraB1MTBhfUUgDhYjXl1H_lWh8upyzyBPz7DQ0hSQxZRZfuwbYHqR8qQ_Q9sb4ykMy7g2Q5TX3fosHm0eeV3zeuDY4OPD6HONZ4OwyKG_f2xzJ-rtRdOKxLYUNXMhPwovcA4rU_o4pHZAFCQ=w200-h152-no?authuser=0', '4', '5', 'Lenovo YOGA C930 Laptop - Intel 8th Generation Core i7, 13.9 Inch FHD, 512 GB, 16 GB, Windows - Iron Grey', 'https://cf1.s3.souqcdn.com/item/2019/02/05/44/70/60/48/item_L_44706048_dcd425659e842.jpg');
INSERT INTO "main"."PyCommerce_products" ("Id", "NameA", "NameL", "ImageUrl", "ImageUrl6", "CategoryId", "BrandId", "Description", "ImageUrl7") VALUES ('19', 'Asus Zenbook Duo', 'Asus Zenbook Duo', 'assets/images/19.jpg', 'https://lh3.googleusercontent.com/pw/ACtC-3ee_1MlIi8nycEy_xOMo4fP8TSY29HbVOYrIC79NezaEqTYEds09BXBgA1MFCJ8K6MdIUSuN1lTQiWQPcmnAN9u-GKJOVYra2DgFOkhtv0AJbmavj4EJhfYbr9wnkXO03XWIIG78ZFg8KsL9ndLOlQ=w200-h160-no?authuser=0', '4', '8', ' Asus ZenBook Pro Duo UX581 15.6” 4K UHD NanoEdge Bezel Touch, Intel Core i7-9750H, 16GB RAM, 1TB PCIe SSD, GeForce RTX 2060, Innovative Screenpad Plus, Windows 10 Pro - UX581GV-XB74T, Celestial Blue', 'https://www.nologygate.com/data/laptop/2019/05/asus-zenbook-pro-duo-ux581gv_e6b6.jpg');
INSERT INTO "main"."PyCommerce_products" ("Id", "NameA", "NameL", "ImageUrl", "ImageUrl6", "CategoryId", "BrandId", "Description", "ImageUrl7") VALUES ('20', '32 GB, SanDisk', '32 GB, SanDisk', 'assets/images/20.jpg', 'https://lh3.googleusercontent.com/pw/ACtC-3fgTM5QrEkeB_ikYQTPnniHHY6MDU2QMtMdQNbqqtnfN7E-Nh1NOAJ8zAxpv3kpp8TbYA1s9KKRxOy_liFTkIMrULyD02zrJBfW6J7QjDsmYNo3uVoEsibn1y-GmPLOGKYMEA90xn2wwi2EmxLUQuQ=w200-h153-no?authuser=0', '25', '11', '32 GB, SanDisk iXpand Mini, Dual Port Lightning/USB - OTG Flash Drive, Black/Silver for iPhone, iPad, Computers', 'https://cf5.s3.souqcdn.com/item/2019/02/05/44/65/64/38/item_XL_44656438_7ce6579f6b94c.jpg');
INSERT INTO "main"."PyCommerce_products" ("Id", "NameA", "NameL", "ImageUrl", "ImageUrl6", "CategoryId", "BrandId", "Description", "ImageUrl7") VALUES ('21', 'Silicon Power 32 GB', 'Silicon Power 32 GB', 'assets/images/21.jpg', 'https://cf4.s3.souqcdn.com/item/2018/01/12/29/97/74/31/item_XL_29977431_89691115.jpg', '25', '12', 'Silicon Power 32 GB USB Flash Drive - SP032GBUC3C31V1K', 'https://cf4.s3.souqcdn.com/item/2018/01/12/29/97/74/31/item_XL_29977431_89691115.jpg');
INSERT INTO "main"."PyCommerce_products" ("Id", "NameA", "NameL", "ImageUrl", "ImageUrl6", "CategoryId", "BrandId", "Description", "ImageUrl7") VALUES ('22', 'HIKVISION 120GB SSD', 'HIKVISION 120GB SSD', 'assets/images/22.jpg', 'https://lh3.googleusercontent.com/pw/ACtC-3dCuOTlnooo68PHhOmfWiJRJpulzSLQrJaNmY-gcRQjWyuiiJh9v2iM6NcPqb2RDp5MZdXZxnYL96EyIYFOqLMGkYfVwzr-9WzLNtY0OFqEgaXnKz_rcw26F9KKd37KmQh0YvMzLfJtu_s_8hHN1x8=w150-h210-no?authuser=0', '1059', '13', 'HIKVISION 120GB SSD 2.5 inch SATA 3.0 PN: HS-SSD-C100/120G', 'https://cf4.s3.souqcdn.com/item/2019/08/01/65/45/20/62/item_XL_65452062_7c029e9ee284b.jpg');
INSERT INTO "main"."PyCommerce_products" ("Id", "NameA", "NameL", "ImageUrl", "ImageUrl6", "CategoryId", "BrandId", "Description", "ImageUrl7") VALUES ('23', 'Kingston A400 Internal SSD 2.5" 240GB SATA 3 - SA400S37/240G', 'Kingston A400 Internal SSD 2.5" 240GB SATA 3 - SA400S37/240G', 'assets/images/23.jpg', 'https://lh3.googleusercontent.com/pw/ACtC-3fbe_mSWJcoNu9x2B4W_-4Jhjqpzmv280TPk1fNEq7g3OkxpcLPLKxa-GOCXSXDRuYg5wXTrPQrqXPAFS3evbhM8SM-Y0d1ViREESTBeALA45UeITtZpgs3Z4mEdufltBKfVidcj2SHuL7Oka3EGIQ=w150-h207-no?authuser=0', '1059', '14', 'Kingston A400 Internal SSD 2.5" 240GB SATA 3 - SA400S37/240G', 'https://cf2.s3.souqcdn.com/item/2017/08/05/23/70/57/24/item_XL_23705724_34135503.jpg');
INSERT INTO "main"."PyCommerce_products" ("Id", "NameA", "NameL", "ImageUrl", "ImageUrl6", "CategoryId", "BrandId", "Description", "ImageUrl7") VALUES ('24', 'AirPods Case Protective Silicone Cover with Carabiner for Apple Airpods Accessories Black', 'AirPods Case Protective Silicone Cover with Carabiner for Apple Airpods Accessories Black', 'assets/images/24.jpg', 'https://lh3.googleusercontent.com/pw/ACtC-3fIhVKPbo-fnd10XMB1df4ibh3sq1g6G4U2xHoycVHX6p4HszV0GEuXMPC18ILBAt7TIxXIc_XRGFifsH-ZtYEBzpB-kKpUAZOBqprAdQywa1d4oDWCGRE3-6zUBUYPBVDCSY8uCi1FfFBBMgWed58=w200-h171-no?authuser=0', '1060', '9', 'AirPods Case Protective Silicone Cover with Carabiner for Apple Airpods Accessories Black', 'https://cf4.s3.souqcdn.com/item/2018/03/29/32/95/32/44/item_XL_32953244_125511943.jpg');
INSERT INTO "main"."PyCommerce_products" ("Id", "NameA", "NameL", "ImageUrl", "ImageUrl6", "CategoryId", "BrandId", "Description", "ImageUrl7") VALUES ('25', 'Canyon 15.6-Inch Backpack Bag Red/White (CNL-NB07J);', 'Canyon 15.6-Inch Backpack Bag Red/White (CNL-NB07J);', 'assets/images/25.jpg', 'https://lh3.googleusercontent.com/pw/ACtC-3dQGd7-SK-_JOjLvltEO3KARN4lqwpsV1NX_q0BrKyKuUGfq08xhmYG1aEOcTB8z4J2lpPuS0na7WrTefibDh7OAEz5lkIcekSmuV4pV_ZvwRAJGXK5wvLWqSLGqVAQ58DTnT6f_MqxMp_JcAUhkno=w200-h221-no?authuser=0', '1060', '15', 'Cool notebook backpack with padded compartment for 14.1”/15.6” notebooks', 'https://cf2.s3.souqcdn.com/item/2013/11/12/63/25/01/3/item_XL_6325013_3615786.jpg');
INSERT INTO "main"."PyCommerce_products" ("Id", "NameA", "NameL", "ImageUrl", "ImageUrl6", "CategoryId", "BrandId", "Description", "ImageUrl7") VALUES ('26', 'Microsoft Windows 10 Professional PRO 64 Bit Full Pack Media & License Key New - sealed', 'Microsoft Windows 10 Professional PRO 64 Bit Full Pack Media & License Key New - sealed', 'assets/images/26.jpg', 'https://lh3.googleusercontent.com/pw/ACtC-3dtkTaoh2xnqpaWWFQGDwaS8JTZZC53qU9sID59FmDYVsrZ9vdUWBvrCpG4ndFXSzfI-qm68G6XsMdBJmjmEygndcneE2eVLQRN9ijNu8r-RXtFVc-hSSuTn1SduOEhY6QMcxqp_jEKDB3-Pu4jWGw=w200-h142-no?authuser=0', '1061', '16', 'Microsoft Windows 10 Professional PRO 64 Bit Full Pack Media & License Key New - sealed', 'https://cf2.s3.souqcdn.com/item/2019/04/12/51/70/33/52/item_XL_51703352_451955e5b1400.jpg');
INSERT INTO "main"."PyCommerce_products" ("Id", "NameA", "NameL", "ImageUrl", "ImageUrl6", "CategoryId", "BrandId", "Description", "ImageUrl7") VALUES ('27', 'Windows Server Standard 2019- 16 Cores', 'Windows Server Standard 2019- 16 Cores', 'assets/images/27.jpg', 'https://lh3.googleusercontent.com/pw/ACtC-3ckIr9eWBXlNAyTwllH9j8_d5XQK0C1RnuC39ws47QwWHrw5sLtzsQPv45H_Cmnck8hSJe_GUHKVwt2_GNtfOEFQ1tjSWMXQULnodd8qDa7WmnBTmTD8oa49DGLeB3aWZ3sCugvsbSvoSqzMtiVE5M=w200-h186-no?authuser=0', '1061', '17', 'Windows Server Standard 2019- 16 Cores', 'https://cf2.s3.souqcdn.com/item/2019/08/12/53/58/64/35/item_XL_53586435_346fb6b1163d4.jpg');
INSERT INTO "main"."PyCommerce_products" ("Id", "NameA", "NameL", "ImageUrl", "ImageUrl6", "CategoryId", "BrandId", "Description", "ImageUrl7") VALUES ('28', 'G Tab Q88,7inch,8GB ROM, 512 MB RAM,2200 MAh, Wifi Tablet, Multi Color', 'G Tab Q88,7inch,8GB ROM, 512 MB RAM,2200 MAh, Wifi Tablet, Multi Color', 'assets/images/28.jpg', 'https://lh3.googleusercontent.com/pw/ACtC-3d65lQkH-KSEN5IrCSwajIxtYuvhugWYmm9ZnXpvQqIox1wizIwb3_w21oqrYvVPVG_uVTTDucRCN_EykZgchtKb7ke1r87uw-GlW592QpbXn5Df96_PUnB6_JuKpPTyUfZngIU-CQ9yqXHEhX97DQ=w200-h136-no?authuser=0', '7', '18', 'G Tab Q88,7inch,8GB ROM, 512 MB RAM,2200 MAh, Wifi Tablet, Multi Color', 'https://cf1.s3.souqcdn.com/item/2020/03/22/12/18/63/99/9/item_XL_121863999_d5a34ae5fdb4a.jpg');
INSERT INTO "main"."PyCommerce_products" ("Id", "NameA", "NameL", "ImageUrl", "ImageUrl6", "CategoryId", "BrandId", "Description", "ImageUrl7") VALUES ('29', 'Huawei MatePad T8 Tablet- 8 Inch, 16 GB, 2 GB RAM - Blue', 'Huawei MatePad T8 Tablet- 8 Inch, 16 GB, 2 GB RAM - Blue', 'assets/images/29.jpg', 'https://lh3.googleusercontent.com/pw/ACtC-3dsGo4lVMISl7KsHtC0kYHqtDAzAFuVIWYCTzZUyUcEhLop8Cf7iOv3m5zQUNCs24pQVLaagS8rQP-B_1dsaXgKocN-vKofSXDjdSQmX5G5fpr2xhlnNXjtm4flIzYVNIjztl9EdLiCM4iwrvFr3yM=w200-h329-no?authuser=0', '7', '19', 'Huawei MatePad T8 Tablet- 8 Inch, 16 GB, 2 GB RAM - Blue', 'https://cf4.s3.souqcdn.com/item/2020/05/21/12/63/29/24/2/item_XL_126329242_20270f400ab1f.jpg');
INSERT INTO "main"."PyCommerce_products" ("Id", "NameA", "NameL", "ImageUrl", "ImageUrl6", "CategoryId", "BrandId", "Description", "ImageUrl7") VALUES ('30', 'Alcatel 1T 9009G Tablet, 7 Inch, 16GB, 1GB RAM, 3G, Prime Black with Flip Cover', 'Alcatel 1T 9009G Tablet, 7 Inch, 16GB, 1GB RAM, 3G, Prime Black with Flip Cover', 'assets/images/30.jpg', 'https://lh3.googleusercontent.com/pw/ACtC-3cZ9ss7zPZaiNqbJVMsoLKjGw8zoqRAW0L_ca83DVU4lIj25b9OYfMwHWVWHEdIpMVsNjV9wW1l6xbEn89ksQ0X2xUEjtDxtN3LHvWY-1wsTnekZfTdTRf-RhDTWuonLVCZ_AyzpgLs5esGeNVd0h4=w200-h157-no?authuser=0', '7', '20', 'Alcatel 1T 9009G Tablet, 7 Inch, 16GB, 1GB RAM, 3G, Prime Black with Flip Cover', 'https://cf5.s3.souqcdn.com/item/2019/10/22/79/34/64/48/item_XL_79346448_94324744140c3.jpg');
INSERT INTO "main"."PyCommerce_products" ("Id", "NameA", "NameL", "ImageUrl", "ImageUrl6", "CategoryId", "BrandId", "Description", "ImageUrl7") VALUES ('31', 'Tablet Mtouch M1 Kids - 7 Inch, 8 GB, 1 GB, Dual Cam, Wi Fi - White', 'Tablet Mtouch M1 Kids - 7 Inch, 8 GB, 1 GB, Dual Cam, Wi Fi - White', 'assets/images/31.jpg', 'https://lh3.googleusercontent.com/pw/ACtC-3cvTZKXIu5WQjDcCtMcoSm2s6qDdLtlHqyQ6mzhfBUToSZmhoqvmpi4XBnkqTPbiNJLZrr8X22z0S6xU1-e-RX4kUn5RJizRot5fBmxZjBDOlAH6mV-JDfMeliRoDeGjcj3tKgRL4dzSy_3q46v1nM=w200-h158-no?authuser=0', '7', '21', 'Tablet Mtouch M1 Kids - 7 Inch, 8 GB, 1 GB, Dual Cam, Wi Fi - White', 'https://cf5.s3.souqcdn.com/item/2020/04/13/12/27/86/46/3/item_XL_122786463_92bd3e8c5016d.jpg');
INSERT INTO "main"."PyCommerce_products" ("Id", "NameA", "NameL", "ImageUrl", "ImageUrl6", "CategoryId", "BrandId", "Description", "ImageUrl7") VALUES ('32', 'iKU Tablet T3 , 7 inch , 1GB RAM ,16GB , Dual SIM Tablet, Silver', 'iKU Tablet T3 , 7 inch , 1GB RAM ,16GB , Dual SIM Tablet, Silver', 'assets/images/32.jpg', 'https://lh3.googleusercontent.com/pw/ACtC-3cauwPPFWMq6b_s2QJwZJkCGtfQqi1qAH0e5xT7oRh0L1m5V7cYEfm8P9tkhQUq6-tElcOkvlm2csmCMdhgRCDY3yYu0vHWxIkQrQM1sWvZgxwTAGUnV3UPPK7-ZIYbJ5ulrXOsFvd2yIfGwdKGpts=w200-h218-no?authuser=0', '7', '22', 'iKU Tablet T3 , 7 inch , 1GB RAM ,16GB , Dual SIM Tablet, Silver', 'https://cf4.s3.souqcdn.com/item/2019/10/20/66/24/33/75/item_XL_66243375_4e25160df2314.jpg');
INSERT INTO "main"."PyCommerce_products" ("Id", "NameA", "NameL", "ImageUrl", "ImageUrl6", "CategoryId", "BrandId", "Description", "ImageUrl7") VALUES ('33', 'Sary Tab 2 Tablet - 10.1 inch, 32GB, 2GB RAM, WiFi, Black', 'Sary Tab 2 Tablet - 10.1 inch, 32GB, 2GB RAM, WiFi, Black', 'assets/images/33.jpg', 'https://lh3.googleusercontent.com/pw/ACtC-3cuLFMsfs0rA9WbxmpNBmrT9sJ9OwJEuCSAeWx6zulJRUtOOjzLryqwRDzdugNIuB80S5L9SPaf9dMcPk2gYMydKqtfSkfd6kKGav6FCeSvFmTKsYAeVBSVFmDzPSPZLJatslh_W1ox1apKssAzRtU=w250-h196-no?authuser=0', '7', '23', 'Sary Tab 2 Tablet - 10.1 inch, 32GB, 2GB RAM, WiFi, Black', 'https://cf2.s3.souqcdn.com/item/2016/09/06/11/51/55/44/item_XL_11515544_16314360.jpg');
INSERT INTO "main"."PyCommerce_products" ("Id", "NameA", "NameL", "ImageUrl", "ImageUrl6", "CategoryId", "BrandId", "Description", "ImageUrl7") VALUES ('34', 'LG 43 Inch Smart LED Full HD TV With Built-In Receiver- 43Lk5730', 'LG 43 Inch Smart LED Full HD TV With Built-In Receiver- 43Lk5730', 'assets/images/34.jpg', 'https://lh3.googleusercontent.com/pw/ACtC-3dxZiFoaifKbksIjAiUTaMpDMtkEgeErMWgKwrNbSY2CEQ0gLooQOWb9o0hakrghnIi_DgyLz23-NQGtX8BZktQZwr0xggcUbv9geTrFbZeVblRiaRDdHiQZK95jmony-VfWuu5MsnqqEa_1ZcfpqA=w250-h164-no?authuser=0', '8', '24', 'LG 43 Inch Smart LED Full HD TV With Built-In Receiver- 43Lk5730', 'https://cf5.s3.souqcdn.com/item/2018/05/23/35/15/84/40/item_XL_35158440_136920634.jpg');
INSERT INTO "main"."PyCommerce_products" ("Id", "NameA", "NameL", "ImageUrl", "ImageUrl6", "CategoryId", "BrandId", "Description", "ImageUrl7") VALUES ('35', 'Samsung 40 inch Full HD Smart TV', 'Samsung 40 inch Full HD Smart TV', 'assets/images/35.jpg', 'https://lh3.googleusercontent.com/pw/ACtC-3czR16GgTBRXXH2y54vcTfO8kO22KuKuB7W8DygQ0NkeVUVYmu5LCei5focYDb_4vCR5TMrAF7DYPgo-X_QYuu4unvSaMYb0I9_5M8A92TP25-QQo8Zik-BslZf00WhLs_XiONQdUMwUNxOUxi_Y1g=w200-h181-no?authuser=0', '8', '1', 'Samsung 40 inch Full HD Smart TV with Built-in Receiver - UA40T5300AUXEG', 'https://cf2.s3.souqcdn.com/item/2020/05/17/12/52/08/14/5/item_XL_125208145_d831ad560c685.jpg');
INSERT INTO "main"."PyCommerce_products" ("Id", "NameA", "NameL", "ImageUrl", "ImageUrl6", "CategoryId", "BrandId", "Description", "ImageUrl7") VALUES ('36', 'Jac 43P 43 Inch Full HD LED TV', 'Jac 43P 43 Inch Full HD LED TV', 'assets/images/36.jpg', 'https://lh3.googleusercontent.com/pw/ACtC-3dkpOOi8axeA5xDJxDQd9AIRtLdrwL_iSghYpG5pewLMRwZuYbcAEvPKR67uv1swUVBc1iiLj9uiUiUHTT2W1JOgTITJqcojt6qnOJXMn9uYKhnMePOJ-GSVu20_K7SfbbDvkT-L_48R2IMnuIab78=w250-h160-no?authuser=0', '8', '10', 'Jac 43P 43 Inch Full HD LED TV, IPS Panel - Black', 'https://cf3.s3.souqcdn.com/item/2020/02/18/11/63/31/21/1/item_XL_116331211_5639f0a930bb0.jpg');
INSERT INTO "main"."PyCommerce_products" ("Id", "NameA", "NameL", "ImageUrl", "ImageUrl6", "CategoryId", "BrandId", "Description", "ImageUrl7") VALUES ('1021', 'Aeropostale Stretchy Round Neck Front Print T-Shirt for Men - Heather Grey, M', 'Aeropostale Stretchy Round Neck Front Print T-Shirt for Men - Heather Grey, M', 'assets/images/1021.jpg', 'https://lh3.googleusercontent.com/pw/ACtC-3f7O4fdsIGustMdM27zMllXxcKqS-KuGYcDwK8FxQJYyp6baVCA75HRnzS_xhbC3zClydXx_6knsGt-NIT55d4m7B6GFr4fzgptmaiqCU2oxe9rIQbqIneiwZqYmNPDpEIuWq86_PE8yR_KM3hm-F0=w805-h937-no?authuser=0', '1102', '27', 'Aeropostale Stretchy Round Neck Front Print T-Shirt for Men - Heather Grey, M', 'https://cf3.s3.souqcdn.com/item/2020/06/22/13/12/22/90/3/item_XXL_131222903_dd1bd6434aa6e.jpg');
INSERT INTO "main"."PyCommerce_products" ("Id", "NameA", "NameL", "ImageUrl", "ImageUrl6", "CategoryId", "BrandId", "Description", "ImageUrl7") VALUES ('1022', 'New Born Cotton Side-Zip Raw-Trim Round-Neck Solid Slim-Fit T-Shirt for Men - Black, XL', 'New Born Cotton Side-Zip Raw-Trim Round-Neck Solid Slim-Fit T-Shirt for Men - Black, XL', 'assets/images/1022.jpg', 'https://lh3.googleusercontent.com/pw/ACtC-3cXs5E73K3e_Shw9l92PUDmghG8317A50BMxUNDxJ-bH9f_5S13GNV1_YPprlGHXI3drnqZgkfxqU1h2gxiu7p7qRKPsTNN2bUqDx2wFxNlE4LPiPpFV7EZKiwTUYhhauH7mVsEQqzKESLKz4QyZ0g=w680-h850-no?authuser=0', '1102', '25', 'New Born Cotton Side-Zip Raw-Trim Round-Neck Solid Slim-Fit T-Shirt for Men - Black, XL', 'https://cf2.s3.souqcdn.com/item/2020/05/21/12/63/24/75/5/item_XXL_126324755_213c8f3772b27.jpg');
INSERT INTO "main"."PyCommerce_products" ("Id", "NameA", "NameL", "ImageUrl", "ImageUrl6", "CategoryId", "BrandId", "Description", "ImageUrl7") VALUES ('1023', 'New Born Cotton Slim Fit Long Sleeves Plaid Shirt for Men - Navy, XL', 'New Born Cotton Slim Fit Long Sleeves Plaid Shirt for Men - Navy, XL', 'assets/images/1023.jpg', 'https://lh3.googleusercontent.com/pw/ACtC-3fs9E37ycaxQXspnO29SfXilX3fGiBhO77wI0P5Yq1fkbYPOe_lyMcY1RdeGffDdv15njuhqt5NvuWtEMu4_MpuLcldk3hIOhVuugfaOtPyg984DPDeJJgpwQvfINs2ZMmqllq0UmIK2lto3A_XJOA=w680-h850-no?authuser=0', '1102', '25', 'New Born Cotton Slim Fit Long Sleeves Plaid Shirt for Men - Navy, XL', 'https://cf2.s3.souqcdn.com/item/2020/05/31/12/91/57/89/5/item_XXL_129157895_f04ed931ae7d1.jpg');
INSERT INTO "main"."PyCommerce_products" ("Id", "NameA", "NameL", "ImageUrl", "ImageUrl6", "CategoryId", "BrandId", "Description", "ImageUrl7") VALUES ('1024', 'Terranova Street University Letter Print Short Sleeves Crew Neck Cotton T-shirt for Men - Heather Light Grey, L', 'Terranova Street University Letter Print Short Sleeves Crew Neck Cotton T-shirt for Men - Heather Light Grey, L', 'assets/images/1024.jpg', 'https://lh3.googleusercontent.com/pw/ACtC-3dte6-kSjuttpBQB3_hlf_HTPAQvBleowLQkgMM8ihDtGgHrTd_XuMSUwUviRrxLP_WEjn4NCYvnvv14A3ihZHMdg2S8bHFMaMaXLWmCTiUbXpFp17WxpCC2rjjGESD4wR9TgDqyZdcOm7acCoABzw=w890-h937-no?authuser=0', '1102', '26', 'Terranova Street University Letter Print Short Sleeves Crew Neck Cotton T-shirt for Men - Heather Light Grey, L', 'https://cf1.s3.souqcdn.com/item/2020/05/10/12/34/02/49/8/item_XXL_123402498_eddaedc867939.jpg');
INSERT INTO "main"."PyCommerce_products" ("Id", "NameA", "NameL", "ImageUrl", "ImageUrl6", "CategoryId", "BrandId", "Description", "ImageUrl7") VALUES ('1025', 'DiSEqC 8 Ports To Install 8 Satellites - DiSEqC 8X1', 'DiSEqC 8 Ports To Install 8 Satellites - DiSEqC 8X1', 'assets/images/1025.jpg', 'https://lh3.googleusercontent.com/pw/ACtC-3fAq43MYBkWNJRNGhKDsEeZ3q9Eq4Zw0D5o84OHwGI4z5Dj5svI187whRYm9gfnmgvPOxVB7o3f1tFXo3jCS95-iE2IJ381Y7JnDL79AGsmYDj8svflsLKmWkZS3tSg1FbWecBYpfEW-nQuVKhsAaY=w600-h325-no?authuser=0', '1069', '28', 'DiSEqC 8 Ports To Install 8 Satellites - DiSEqC 8X1', 'https://cf3.s3.souqcdn.com/item/2019/10/07/73/30/91/91/item_XL_73309191_ea5be690ebc36.jpg');
INSERT INTO "main"."PyCommerce_products" ("Id", "NameA", "NameL", "ImageUrl", "ImageUrl6", "CategoryId", "BrandId", "Description", "ImageUrl7") VALUES ('1026', 'Receiver Tiger Mini 888 Q 1 FULL H D - Free WiFi', 'Receiver Tiger Mini 888 Q 1 FULL H D - Free WiFi', 'assets/images/1026.jpg', 'https://lh3.googleusercontent.com/pw/ACtC-3fNyYPE1gKFiLpOc5TjQ-GFePSSlNwbf5V4dVQQ9wX1ZWlM6VnFDzHVitShkovLoBsbO4RIcsK0VCRLuyNf2yB4gDv7w5Vdo-AarHXfjvRVI357PNIYodpGu52UfRNJhxKO1Sq4cFjwkVmOsGkN2sM=w600-h529-no?authuser=0', '1069', '29', 'Receiver Tiger Mini 888 Q 1 FULL H D - Free WiFi', 'https://cf3.s3.souqcdn.com/item/2019/07/13/58/09/13/91/item_XL_58091391_f8d9a98be92bf.jpg');
INSERT INTO "main"."PyCommerce_products" ("Id", "NameA", "NameL", "ImageUrl", "ImageUrl6", "CategoryId", "BrandId", "Description", "ImageUrl7") VALUES ('1027', 'Truman X1 Mini HD Digital Satellite HD Reciver - Black', 'Truman X1 Mini HD Digital Satellite HD Reciver - Black', 'assets/images/1027.jpg', 'https://lh3.googleusercontent.com/pw/ACtC-3d7kY_dyac9Ax0yPwRuCf37sHiowk1_j_D2qP3jdOxW2_pptOIhXjiXDYzBb5tGPG-eZ8RSGVe8G38vV2oLDADDtB0FB2NEluou0SREzlbTLC69UvVhQT6Ecj7FlkLv5RX0GZlXx4YQ5CM6a91Kzbg=w600-h369-no?authuser=0', '1069', '30', 'Truman X1 Mini HD Digital Satellite HD Reciver - Black', 'https://cf2.s3.souqcdn.com/item/2019/11/23/85/83/96/74/item_XL_85839674_137d7008bd8c8.jpg');
INSERT INTO "main"."PyCommerce_products" ("Id", "NameA", "NameL", "ImageUrl", "ImageUrl6", "CategoryId", "BrandId", "Description", "ImageUrl7") VALUES ('1028', 'Integrated receiver system with additional system', 'Integrated receiver system with additional system', 'assets/images/1028.jpg', 'https://lh3.googleusercontent.com/pw/ACtC-3fqNFgSSJlJmABW2d-CIt9bm_kQ7rKrmul5voYd72V1e9hisU8zj_MiDhL_U9dA6Kbhh7mDiIQ1xbJZK_-Amcd1a7q-ho6phug8MG420Oz9D0NbEv3Ymrp-stP0NUe-E27LFWhe-61irRbcDmLKakQ=w580-h600-no?authuser=0', '1069', '29', 'Integrated receiver system with additional system', 'https://cf3.s3.souqcdn.com/item/2018/09/07/37/33/06/28/item_XL_37330628_149233744.jpg');
INSERT INTO "main"."PyCommerce_products" ("Id", "NameA", "NameL", "ImageUrl", "ImageUrl6", "CategoryId", "BrandId", "Description", "ImageUrl7") VALUES ('1029', 'UNIC UC46 3D Home Projector 1200 Lumens HDMI SD AV USB for IOS Android Black', 'UNIC UC46 3D Home Projector 1200 Lumens HDMI SD AV USB for IOS Android Black', 'assets/images/1029.jpg', 'https://lh3.googleusercontent.com/pw/ACtC-3cEp98kOcyvdx3e4YYig-dbq1XvhduehaQ6PQvQxs0U4l9MT55PNVo3ELqvx_S1_nezyMr1xFJuge8CNaX15EJASNDdefEO1017MgfcnYGvKxiXJjaqUdpYCR2KqwmQhyyZE6jbXVIrsXmPbtcypZc=w600-h325-no?authuser=0', '1071', '31', 'Brand: Unic Number of HDMI Ports: 1.0 Display Resolution: 3840x2160 Type: LED Model Number: UC46 VGA input: Yes

Features:

1.Input Power: AC Power 100-240V 50/60Hz .

2.5V Power Bank: While you watching movies your phones or pads can be charged with USB 5V out.

3.Rich Interfaces: HDM/VGA/USB/SD Card 3 in 1 AV/3.5mm Audio out can support DVD, Xbox, Ps4, Mobile phone and etc. ...', 'https://cf1.s3.souqcdn.com/item/2018/08/15/37/12/27/84/item_XL_37122784_144876853.jpg');
INSERT INTO "main"."PyCommerce_products" ("Id", "NameA", "NameL", "ImageUrl", "ImageUrl6", "CategoryId", "BrandId", "Description", "ImageUrl7") VALUES ('1030', 'Projector M2 with 3500 lumens and full HD 1280.800 . life time 30000 hours', 'Projector M2 with 3500 lumens and full HD 1280.800 . life time 30000 hours', 'assets/images/1030.jpg', 'https://lh3.googleusercontent.com/pw/ACtC-3ezd_JW8tNggs94kavWmAIK61MUzZz9eSn3-jta1wtHlzf_Eu7aj9knQPf4pBJcMx6sObDRgA2ETBIuRCoO6sa3C8ziE_cRBz-TANfebwYeA0_oBl-s6Z3JRczJKf61i3o7F4_J88hlm7UC7nwE-gM=w500-h470-no?authuser=0', '1071', '32', 'Number of HDMI Ports : null
Display Resolution : null
Brand : Other
Type : LED
Model Number : N.A
VGA input : 1
Are batteries needed to power the product or is this product a battery : 0
Is this a Dangerous Good or a Hazardous Material, Substance or Waste that is regulated for transportation, storage, and/or disposal? : 0
External Product ID Type : EAN-13
External Product ID : 3920147852135', 'https://cf2.s3.souqcdn.com/item/2019/10/06/73/30/49/15/item_XL_73304915_cfcb33c99aa79.jpg');
INSERT INTO "main"."PyCommerce_products" ("Id", "NameA", "NameL", "ImageUrl", "ImageUrl6", "CategoryId", "BrandId", "Description", "ImageUrl7") VALUES ('1031', 'Epson EB-X41 LCD Multimedia Projector', 'Epson EB-X41 LCD Multimedia Projector', 'assets/images/1031.jpg', 'https://lh3.googleusercontent.com/pw/ACtC-3dKo9iOLPs1fQOsRbQveZ9p_fQfzkqyJYh9YQ8UBSnFah4LXW8Ey1zJHeT7lVs_oGYDqFzjxoQGsCPZP--5xeQ2R94KPrX4QeEWslKoDj521bB17mxV3a-LtApQIIgc0h0_UXayoyfffp0mq5-2ew0=w512-h219-no?authuser=0', '1071', '33', 'Number of HDMI Ports : null
Display Resolution : null
Brand : Epson
Type : LCD
Model Number : Projector Epson EB-X41 LCD
VGA input : 1', 'https://cf2.s3.souqcdn.com/item/2018/02/24/31/35/21/68/item_XL_31352168_112250616.jpg');
INSERT INTO "main"."PyCommerce_products" ("Id", "NameA", "NameL", "ImageUrl", "ImageUrl6", "CategoryId", "BrandId", "Description", "ImageUrl7") VALUES ('1032', 'YaFex Adjustable Mini Octopus Cell Phone Tripod, Flexible Phone Tripod for Any Smartphone, iPhone, with Universal Clip', 'YaFex Adjustable Mini Octopus Cell Phone Tripod, Flexible Phone Tripod for Any Smartphone, iPhone, with Universal Clip', 'assets/images/1032.jpg', 'https://lh3.googleusercontent.com/pw/ACtC-3f-svLYC84pl0zkuwpb5zeN1nENyT68kFBI6lya1SD0vAY-6Uh_PL1DmHOz2KUJ3-zeD4jUxoIGDw4zhuX5oG4n7LYYEXul-l85nn94kNXhNSdsGujljDjugVkdicLYfOg3kQYOyfd1cHaLV4URVIU=w386-h425-no?authuser=0', '1035', '34', 'MATERIAL: Mini Octopus phone tripod is made of durable plastic and soft foam。 FLEXIBLE LEGS ：360-degree rotation Head to let you form perfect shape，Wrap the flexible tripod legs around a lamp, chair, tree or anywhere for a secure hold & you''re all set! EASY CARRY - Mini size, light weight and portable. Flexible and wrappable legs with a 360 angles, shape can be more casual, higher ...', 'https://cf3.s3.souqcdn.com/item/2018/05/02/33/45/81/54/item_XL_33458154_131934804.jpg');
INSERT INTO "main"."PyCommerce_products" ("Id", "NameA", "NameL", "ImageUrl", "ImageUrl6", "CategoryId", "BrandId", "Description", "ImageUrl7") VALUES ('1108', 'اسير بريداتور هيليوس 300', 'Acer Predator Helios 300 Gaming Laptop PC', 'assets/images/1108.jpg', 'https://lh3.googleusercontent.com/pw/ACtC-3dUc6W5qQ-tXR1Aok9cME0a_aCSLxjZLpyCLdetEaBv73wNk6rIJkadpOa-b4HXp7SoK4-ZFM9w_cnw4qhVHVAtC_K2RioFCaibLomnlT2SXHkWbiZW_OjDWpMAL6ynz7fZbTMunBqICHUL5FEblWA=w600-h391-no?authuser=0', '4', '6', 'Acer Predator Helios 300 Gaming Laptop PC, 15.6" FHD IPS w/ 144Hz Refresh, Intel i7-8750H, GTX 1060 6GB, 16GB DDR4, 256GB NVMe SSD,PH315-51-78NP', 'https://cf2.s3.souqcdn.com/item/2019/05/05/53/57/10/21/item_XL_53571021_b65b976cd4740.jpg');
INSERT INTO "main"."PyCommerce_products" ("Id", "NameA", "NameL", "ImageUrl", "ImageUrl6", "CategoryId", "BrandId", "Description", "ImageUrl7") VALUES ('1124', 'Samsung Galaxy Note 20 Ultra Mobile Phone, Hybrid Dual SIM, 6.9 Inch, 256 GB, 8 GB RAM, 4G LTE, 4500mAh - Mystic Bronze', 'Samsung Galaxy Note 20 Ultra', 'assets/images/1124.jpg', 'https://cf2.s3.souqcdn.com/item/2020/08/09/13/16/25/51/7/item_XXL_131625517_a8f9c825b1bd9.jpg', '6', '1', 'Samsung Galaxy Note 20 Ultra Mobile Phone, Hybrid Dual SIM, 6.9 Inch, 256 GB, 8 GB RAM, 4G LTE, 4500mAh - Mystic Bronze', 'https://cf2.s3.souqcdn.com/item/2020/08/09/13/16/25/51/7/item_XXL_131625517_a8f9c825b1bd9.jpg');

INSERT INTO "main"."PyCommerce_productspecifications" ("Id", "CategoryId", "ProductId", "SpecificationName", "SpecificationValue", "ShowInFilter", "SpecificationId") VALUES ('1', '4', '1', 'Color', 'Black', '1', '1');
INSERT INTO "main"."PyCommerce_productspecifications" ("Id", "CategoryId", "ProductId", "SpecificationName", "SpecificationValue", "ShowInFilter", "SpecificationId") VALUES ('4', '4', '1', 'RAM', '16 GB', '1', '10');
INSERT INTO "main"."PyCommerce_productspecifications" ("Id", "CategoryId", "ProductId", "SpecificationName", "SpecificationValue", "ShowInFilter", "SpecificationId") VALUES ('12', '4', '1', 'Weight', '450gm', '1', '16');
INSERT INTO "main"."PyCommerce_productspecifications" ("Id", "CategoryId", "ProductId", "SpecificationName", "SpecificationValue", "ShowInFilter", "SpecificationId") VALUES ('14', '4', '1', 'Processor', 'Core I-7', '1', '9');
INSERT INTO "main"."PyCommerce_productspecifications" ("Id", "CategoryId", "ProductId", "SpecificationName", "SpecificationValue", "ShowInFilter", "SpecificationId") VALUES ('15', '4', '1', 'Scree', '14 inches', '1', '12');
INSERT INTO "main"."PyCommerce_productspecifications" ("Id", "CategoryId", "ProductId", "SpecificationName", "SpecificationValue", "ShowInFilter", "SpecificationId") VALUES ('16', '4', '1', 'Graphic Card', 'GTX 1660 Ti ', '1', '2');
INSERT INTO "main"."PyCommerce_productspecifications" ("Id", "CategoryId", "ProductId", "SpecificationName", "SpecificationValue", "ShowInFilter", "SpecificationId") VALUES ('17', '4', '1', 'USB', 'USB 3.1', '1', '15');
INSERT INTO "main"."PyCommerce_productspecifications" ("Id", "CategoryId", "ProductId", "SpecificationName", "SpecificationValue", "ShowInFilter", "SpecificationId") VALUES ('18', '4', '1', '', '512 GB
', '1', '3');
INSERT INTO "main"."PyCommerce_productspecifications" ("Id", "CategoryId", "ProductId", "SpecificationName", "SpecificationValue", "ShowInFilter", "SpecificationId") VALUES ('19', '4', '1', 'Memory Technology', 'DDR4
', '1', '5');
INSERT INTO "main"."PyCommerce_productspecifications" ("Id", "CategoryId", "ProductId", "SpecificationName", "SpecificationValue", "ShowInFilter", "SpecificationId") VALUES ('22', '4', '1', 'Touch scree', 'Yes', '1', '13');
INSERT INTO "main"."PyCommerce_productspecifications" ("Id", "CategoryId", "ProductId", "SpecificationName", "SpecificationValue", "ShowInFilter", "SpecificationId") VALUES ('23', '4', '1', 'Keyboard Languages', 'English & Arabic', '1', '4');
INSERT INTO "main"."PyCommerce_productspecifications" ("Id", "CategoryId", "ProductId", "SpecificationName", "SpecificationValue", "ShowInFilter", "SpecificationId") VALUES ('24', '4', '1', 'Package height', '32 centimeters', '0', '7');
INSERT INTO "main"."PyCommerce_productspecifications" ("Id", "CategoryId", "ProductId", "SpecificationName", "SpecificationValue", "ShowInFilter", "SpecificationId") VALUES ('25', '4', '1', 'Package Width', '47.5 centimeters
', '0', '8');
INSERT INTO "main"."PyCommerce_productspecifications" ("Id", "CategoryId", "ProductId", "SpecificationName", "SpecificationValue", "ShowInFilter", "SpecificationId") VALUES ('26', '4', '1', 'RAM Type', 'ddr4_sdram', '1', '11');
INSERT INTO "main"."PyCommerce_productspecifications" ("Id", "CategoryId", "ProductId", "SpecificationName", "SpecificationValue", "ShowInFilter", "SpecificationId") VALUES ('28', '4', '2', 'Color', 'Black', '1', '1');
INSERT INTO "main"."PyCommerce_productspecifications" ("Id", "CategoryId", "ProductId", "SpecificationName", "SpecificationValue", "ShowInFilter", "SpecificationId") VALUES ('29', '4', '2', '', '8 GB', '1', '10');
INSERT INTO "main"."PyCommerce_productspecifications" ("Id", "CategoryId", "ProductId", "SpecificationName", "SpecificationValue", "ShowInFilter", "SpecificationId") VALUES ('30', '4', '2', '', '2904 grams', '1', '16');
INSERT INTO "main"."PyCommerce_productspecifications" ("Id", "CategoryId", "ProductId", "SpecificationName", "SpecificationValue", "ShowInFilter", "SpecificationId") VALUES ('31', '4', '2', '', 'Core I-5', '1', '9');
INSERT INTO "main"."PyCommerce_productspecifications" ("Id", "CategoryId", "ProductId", "SpecificationName", "SpecificationValue", "ShowInFilter", "SpecificationId") VALUES ('32', '4', '2', '', '15.6 inches', '1', '12');
INSERT INTO "main"."PyCommerce_productspecifications" ("Id", "CategoryId", "ProductId", "SpecificationName", "SpecificationValue", "ShowInFilter", "SpecificationId") VALUES ('33', '4', '2', '', 'GTX 1660 Ti ', '1', '2');
INSERT INTO "main"."PyCommerce_productspecifications" ("Id", "CategoryId", "ProductId", "SpecificationName", "SpecificationValue", "ShowInFilter", "SpecificationId") VALUES ('34', '4', '2', '', 'USB 3.2', '1', '15');
INSERT INTO "main"."PyCommerce_productspecifications" ("Id", "CategoryId", "ProductId", "SpecificationName", "SpecificationValue", "ShowInFilter", "SpecificationId") VALUES ('35', '4', '2', '', '1 TB', '1', '3');
INSERT INTO "main"."PyCommerce_productspecifications" ("Id", "CategoryId", "ProductId", "SpecificationName", "SpecificationValue", "ShowInFilter", "SpecificationId") VALUES ('36', '4', '2', '', 'DDR4
', '1', '5');
INSERT INTO "main"."PyCommerce_productspecifications" ("Id", "CategoryId", "ProductId", "SpecificationName", "SpecificationValue", "ShowInFilter", "SpecificationId") VALUES ('38', '4', '2', '', 'Without Optical Drive', '1', '6');
INSERT INTO "main"."PyCommerce_productspecifications" ("Id", "CategoryId", "ProductId", "SpecificationName", "SpecificationValue", "ShowInFilter", "SpecificationId") VALUES ('39', '4', '2', '', 'No', '1', '13');
INSERT INTO "main"."PyCommerce_productspecifications" ("Id", "CategoryId", "ProductId", "SpecificationName", "SpecificationValue", "ShowInFilter", "SpecificationId") VALUES ('40', '4', '2', '', 'English & Arabic Backlit KB', '1', '4');
INSERT INTO "main"."PyCommerce_productspecifications" ("Id", "CategoryId", "ProductId", "SpecificationName", "SpecificationValue", "ShowInFilter", "SpecificationId") VALUES ('41', '4', '2', '', '7.2 centimeters', '0', '7');
INSERT INTO "main"."PyCommerce_productspecifications" ("Id", "CategoryId", "ProductId", "SpecificationName", "SpecificationValue", "ShowInFilter", "SpecificationId") VALUES ('42', '4', '2', '', '28.6 centimeters', '0', '8');
INSERT INTO "main"."PyCommerce_productspecifications" ("Id", "CategoryId", "ProductId", "SpecificationName", "SpecificationValue", "ShowInFilter", "SpecificationId") VALUES ('43', '4', '2', '', 'ddr4_sdram', '1', '11');
INSERT INTO "main"."PyCommerce_productspecifications" ("Id", "CategoryId", "ProductId", "SpecificationName", "SpecificationValue", "ShowInFilter", "SpecificationId") VALUES ('45', '5', '3', '', 'Silver', '1', '1');
INSERT INTO "main"."PyCommerce_productspecifications" ("Id", "CategoryId", "ProductId", "SpecificationName", "SpecificationValue", "ShowInFilter", "SpecificationId") VALUES ('46', '5', '3', '', '4 GB', '1', '10');
INSERT INTO "main"."PyCommerce_productspecifications" ("Id", "CategoryId", "ProductId", "SpecificationName", "SpecificationValue", "ShowInFilter", "SpecificationId") VALUES ('47', '5', '3', '', '450gm', '1', '16');
INSERT INTO "main"."PyCommerce_productspecifications" ("Id", "CategoryId", "ProductId", "SpecificationName", "SpecificationValue", "ShowInFilter", "SpecificationId") VALUES ('48', '5', '3', '', 'Core I-7', '1', '9');
INSERT INTO "main"."PyCommerce_productspecifications" ("Id", "CategoryId", "ProductId", "SpecificationName", "SpecificationValue", "ShowInFilter", "SpecificationId") VALUES ('51', '5', '3', '', 'USB 3.2', '1', '15');
INSERT INTO "main"."PyCommerce_productspecifications" ("Id", "CategoryId", "ProductId", "SpecificationName", "SpecificationValue", "ShowInFilter", "SpecificationId") VALUES ('52', '5', '3', '', '320 GB', '1', '3');
INSERT INTO "main"."PyCommerce_productspecifications" ("Id", "CategoryId", "ProductId", "SpecificationName", "SpecificationValue", "ShowInFilter", "SpecificationId") VALUES ('53', '5', '3', '', 'DDR4
', '1', '5');
INSERT INTO "main"."PyCommerce_productspecifications" ("Id", "CategoryId", "ProductId", "SpecificationName", "SpecificationValue", "ShowInFilter", "SpecificationId") VALUES ('55', '5', '3', '', 'DVD-Writer', '1', '6');
INSERT INTO "main"."PyCommerce_productspecifications" ("Id", "CategoryId", "ProductId", "SpecificationName", "SpecificationValue", "ShowInFilter", "SpecificationId") VALUES ('56', '5', '3', '', 'No', '1', '13');
INSERT INTO "main"."PyCommerce_productspecifications" ("Id", "CategoryId", "ProductId", "SpecificationName", "SpecificationValue", "ShowInFilter", "SpecificationId") VALUES ('57', '5', '3', '', 'English & Arabic', '1', '4');
INSERT INTO "main"."PyCommerce_productspecifications" ("Id", "CategoryId", "ProductId", "SpecificationName", "SpecificationValue", "ShowInFilter", "SpecificationId") VALUES ('60', '5', '3', '', 'ddr4_sdram', '1', '11');
INSERT INTO "main"."PyCommerce_productspecifications" ("Id", "CategoryId", "ProductId", "SpecificationName", "SpecificationValue", "ShowInFilter", "SpecificationId") VALUES ('62', '5', '4', '', 'Black', '1', '1');
INSERT INTO "main"."PyCommerce_productspecifications" ("Id", "CategoryId", "ProductId", "SpecificationName", "SpecificationValue", "ShowInFilter", "SpecificationId") VALUES ('63', '5', '4', '', '4 GB
', '1', '10');
INSERT INTO "main"."PyCommerce_productspecifications" ("Id", "CategoryId", "ProductId", "SpecificationName", "SpecificationValue", "ShowInFilter", "SpecificationId") VALUES ('64', '5', '4', '', '7290 grams', '1', '16');
INSERT INTO "main"."PyCommerce_productspecifications" ("Id", "CategoryId", "ProductId", "SpecificationName", "SpecificationValue", "ShowInFilter", "SpecificationId") VALUES ('65', '5', '4', '', 'Intel Core i5', '1', '9');
INSERT INTO "main"."PyCommerce_productspecifications" ("Id", "CategoryId", "ProductId", "SpecificationName", "SpecificationValue", "ShowInFilter", "SpecificationId") VALUES ('66', '5', '4', '', '14 inches', '1', '12');
INSERT INTO "main"."PyCommerce_productspecifications" ("Id", "CategoryId", "ProductId", "SpecificationName", "SpecificationValue", "ShowInFilter", "SpecificationId") VALUES ('67', '5', '4', '', 'Shared - Built i', '1', '2');
INSERT INTO "main"."PyCommerce_productspecifications" ("Id", "CategoryId", "ProductId", "SpecificationName", "SpecificationValue", "ShowInFilter", "SpecificationId") VALUES ('68', '5', '4', '', 'USB 3.2', '1', '15');
INSERT INTO "main"."PyCommerce_productspecifications" ("Id", "CategoryId", "ProductId", "SpecificationName", "SpecificationValue", "ShowInFilter", "SpecificationId") VALUES ('69', '5', '4', '', '1 TB', '1', '3');
INSERT INTO "main"."PyCommerce_productspecifications" ("Id", "CategoryId", "ProductId", "SpecificationName", "SpecificationValue", "ShowInFilter", "SpecificationId") VALUES ('75', '5', '4', '', '23.6 centimeters', '0', '7');
INSERT INTO "main"."PyCommerce_productspecifications" ("Id", "CategoryId", "ProductId", "SpecificationName", "SpecificationValue", "ShowInFilter", "SpecificationId") VALUES ('76', '5', '4', '', '43.8 centimeters', '0', '8');
INSERT INTO "main"."PyCommerce_productspecifications" ("Id", "CategoryId", "ProductId", "SpecificationName", "SpecificationValue", "ShowInFilter", "SpecificationId") VALUES ('79', '4', '10', '', 'Black', '1', '1');
INSERT INTO "main"."PyCommerce_productspecifications" ("Id", "CategoryId", "ProductId", "SpecificationName", "SpecificationValue", "ShowInFilter", "SpecificationId") VALUES ('80', '4', '10', '', '4GB', '1', '10');
INSERT INTO "main"."PyCommerce_productspecifications" ("Id", "CategoryId", "ProductId", "SpecificationName", "SpecificationValue", "ShowInFilter", "SpecificationId") VALUES ('81', '4', '10', '', '450gm', '1', '16');
INSERT INTO "main"."PyCommerce_productspecifications" ("Id", "CategoryId", "ProductId", "SpecificationName", "SpecificationValue", "ShowInFilter", "SpecificationId") VALUES ('82', '4', '10', '', 'Core I-7', '1', '9');
INSERT INTO "main"."PyCommerce_productspecifications" ("Id", "CategoryId", "ProductId", "SpecificationName", "SpecificationValue", "ShowInFilter", "SpecificationId") VALUES ('83', '4', '10', '', '14 inches', '1', '12');
INSERT INTO "main"."PyCommerce_productspecifications" ("Id", "CategoryId", "ProductId", "SpecificationName", "SpecificationValue", "ShowInFilter", "SpecificationId") VALUES ('84', '4', '10', '', 'GTX 1660 Ti ', '1', '2');
INSERT INTO "main"."PyCommerce_productspecifications" ("Id", "CategoryId", "ProductId", "SpecificationName", "SpecificationValue", "ShowInFilter", "SpecificationId") VALUES ('85', '4', '10', '', 'USB 3.2', '1', '15');
INSERT INTO "main"."PyCommerce_productspecifications" ("Id", "CategoryId", "ProductId", "SpecificationName", "SpecificationValue", "ShowInFilter", "SpecificationId") VALUES ('86', '4', '10', '', 'PCIe & Serial ATA', '1', '3');
INSERT INTO "main"."PyCommerce_productspecifications" ("Id", "CategoryId", "ProductId", "SpecificationName", "SpecificationValue", "ShowInFilter", "SpecificationId") VALUES ('87', '4', '10', '', 'DDR4
', '1', '5');
INSERT INTO "main"."PyCommerce_productspecifications" ("Id", "CategoryId", "ProductId", "SpecificationName", "SpecificationValue", "ShowInFilter", "SpecificationId") VALUES ('88', '4', '10', '', 'Gaming', '1', '14');
INSERT INTO "main"."PyCommerce_productspecifications" ("Id", "CategoryId", "ProductId", "SpecificationName", "SpecificationValue", "ShowInFilter", "SpecificationId") VALUES ('89', '4', '10', '', 'DVD-Writer', '1', '6');
INSERT INTO "main"."PyCommerce_productspecifications" ("Id", "CategoryId", "ProductId", "SpecificationName", "SpecificationValue", "ShowInFilter", "SpecificationId") VALUES ('90', '4', '10', '', 'No', '1', '13');
INSERT INTO "main"."PyCommerce_productspecifications" ("Id", "CategoryId", "ProductId", "SpecificationName", "SpecificationValue", "ShowInFilter", "SpecificationId") VALUES ('91', '4', '10', '', 'English & Arabic', '1', '4');
INSERT INTO "main"."PyCommerce_productspecifications" ("Id", "CategoryId", "ProductId", "SpecificationName", "SpecificationValue", "ShowInFilter", "SpecificationId") VALUES ('92', '4', '10', '', '5.4 centimeters', '0', '7');
INSERT INTO "main"."PyCommerce_productspecifications" ("Id", "CategoryId", "ProductId", "SpecificationName", "SpecificationValue", "ShowInFilter", "SpecificationId") VALUES ('93', '4', '10', '', '10.6 centimeters', '0', '8');
INSERT INTO "main"."PyCommerce_productspecifications" ("Id", "CategoryId", "ProductId", "SpecificationName", "SpecificationValue", "ShowInFilter", "SpecificationId") VALUES ('94', '4', '10', '', 'ddr4_sdram', '1', '11');
INSERT INTO "main"."PyCommerce_productspecifications" ("Id", "CategoryId", "ProductId", "SpecificationName", "SpecificationValue", "ShowInFilter", "SpecificationId") VALUES ('96', '4', '19', '', 'Black', '1', '1');
INSERT INTO "main"."PyCommerce_productspecifications" ("Id", "CategoryId", "ProductId", "SpecificationName", "SpecificationValue", "ShowInFilter", "SpecificationId") VALUES ('97', '4', '19', '', '4GB', '1', '10');
INSERT INTO "main"."PyCommerce_productspecifications" ("Id", "CategoryId", "ProductId", "SpecificationName", "SpecificationValue", "ShowInFilter", "SpecificationId") VALUES ('98', '4', '19', '', '450gm', '1', '16');
INSERT INTO "main"."PyCommerce_productspecifications" ("Id", "CategoryId", "ProductId", "SpecificationName", "SpecificationValue", "ShowInFilter", "SpecificationId") VALUES ('99', '4', '19', '', 'Core I-7', '1', '9');
INSERT INTO "main"."PyCommerce_productspecifications" ("Id", "CategoryId", "ProductId", "SpecificationName", "SpecificationValue", "ShowInFilter", "SpecificationId") VALUES ('100', '4', '19', '', '14 inches', '1', '12');
INSERT INTO "main"."PyCommerce_productspecifications" ("Id", "CategoryId", "ProductId", "SpecificationName", "SpecificationValue", "ShowInFilter", "SpecificationId") VALUES ('101', '4', '19', '', 'GTX 1660 Ti ', '1', '2');
INSERT INTO "main"."PyCommerce_productspecifications" ("Id", "CategoryId", "ProductId", "SpecificationName", "SpecificationValue", "ShowInFilter", "SpecificationId") VALUES ('102', '4', '19', '', 'USB 3.2', '1', '15');
INSERT INTO "main"."PyCommerce_productspecifications" ("Id", "CategoryId", "ProductId", "SpecificationName", "SpecificationValue", "ShowInFilter", "SpecificationId") VALUES ('103', '4', '19', '', 'PCIe & Serial ATA', '1', '3');
INSERT INTO "main"."PyCommerce_productspecifications" ("Id", "CategoryId", "ProductId", "SpecificationName", "SpecificationValue", "ShowInFilter", "SpecificationId") VALUES ('104', '4', '19', '', 'DDR4
', '1', '5');
INSERT INTO "main"."PyCommerce_productspecifications" ("Id", "CategoryId", "ProductId", "SpecificationName", "SpecificationValue", "ShowInFilter", "SpecificationId") VALUES ('105', '4', '19', '', 'Gaming', '1', '14');
INSERT INTO "main"."PyCommerce_productspecifications" ("Id", "CategoryId", "ProductId", "SpecificationName", "SpecificationValue", "ShowInFilter", "SpecificationId") VALUES ('106', '4', '19', '', 'DVD-Writer', '1', '6');
INSERT INTO "main"."PyCommerce_productspecifications" ("Id", "CategoryId", "ProductId", "SpecificationName", "SpecificationValue", "ShowInFilter", "SpecificationId") VALUES ('107', '4', '19', '', 'No', '1', '13');
INSERT INTO "main"."PyCommerce_productspecifications" ("Id", "CategoryId", "ProductId", "SpecificationName", "SpecificationValue", "ShowInFilter", "SpecificationId") VALUES ('108', '4', '19', '', 'English & Arabic', '1', '4');
INSERT INTO "main"."PyCommerce_productspecifications" ("Id", "CategoryId", "ProductId", "SpecificationName", "SpecificationValue", "ShowInFilter", "SpecificationId") VALUES ('109', '4', '19', '', '5.4 centimeters', '0', '7');
INSERT INTO "main"."PyCommerce_productspecifications" ("Id", "CategoryId", "ProductId", "SpecificationName", "SpecificationValue", "ShowInFilter", "SpecificationId") VALUES ('110', '4', '19', '', '10.6 centimeters', '0', '8');
INSERT INTO "main"."PyCommerce_productspecifications" ("Id", "CategoryId", "ProductId", "SpecificationName", "SpecificationValue", "ShowInFilter", "SpecificationId") VALUES ('111', '4', '19', '', 'ddr4_sdram', '1', '11');
INSERT INTO "main"."PyCommerce_productspecifications" ("Id", "CategoryId", "ProductId", "SpecificationName", "SpecificationValue", "ShowInFilter", "SpecificationId") VALUES ('113', '4', '9', '', 'Grey', '1', '1');
INSERT INTO "main"."PyCommerce_productspecifications" ("Id", "CategoryId", "ProductId", "SpecificationName", "SpecificationValue", "ShowInFilter", "SpecificationId") VALUES ('114', '4', '9', '', '12 GB', '1', '10');
INSERT INTO "main"."PyCommerce_productspecifications" ("Id", "CategoryId", "ProductId", "SpecificationName", "SpecificationValue", "ShowInFilter", "SpecificationId") VALUES ('115', '4', '9', '', '3544 grams', '1', '16');
INSERT INTO "main"."PyCommerce_productspecifications" ("Id", "CategoryId", "ProductId", "SpecificationName", "SpecificationValue", "ShowInFilter", "SpecificationId") VALUES ('116', '4', '9', '', 'Quad Core', '1', '9');
INSERT INTO "main"."PyCommerce_productspecifications" ("Id", "CategoryId", "ProductId", "SpecificationName", "SpecificationValue", "ShowInFilter", "SpecificationId") VALUES ('117', '4', '9', '', '13 - 13.9 Inch', '1', '12');
INSERT INTO "main"."PyCommerce_productspecifications" ("Id", "CategoryId", "ProductId", "SpecificationName", "SpecificationValue", "ShowInFilter", "SpecificationId") VALUES ('118', '4', '9', '', 'Shared - Built i', '1', '2');
INSERT INTO "main"."PyCommerce_productspecifications" ("Id", "CategoryId", "ProductId", "SpecificationName", "SpecificationValue", "ShowInFilter", "SpecificationId") VALUES ('119', '4', '9', '', 'USB 3.1', '1', '15');
INSERT INTO "main"."PyCommerce_productspecifications" ("Id", "CategoryId", "ProductId", "SpecificationName", "SpecificationValue", "ShowInFilter", "SpecificationId") VALUES ('120', '4', '9', '', '512 GB', '1', '3');
INSERT INTO "main"."PyCommerce_productspecifications" ("Id", "CategoryId", "ProductId", "SpecificationName", "SpecificationValue", "ShowInFilter", "SpecificationId") VALUES ('121', '4', '9', '', 'DDR4
', '1', '5');
INSERT INTO "main"."PyCommerce_productspecifications" ("Id", "CategoryId", "ProductId", "SpecificationName", "SpecificationValue", "ShowInFilter", "SpecificationId") VALUES ('123', '4', '9', '', 'DVD-Writer', '1', '6');
INSERT INTO "main"."PyCommerce_productspecifications" ("Id", "CategoryId", "ProductId", "SpecificationName", "SpecificationValue", "ShowInFilter", "SpecificationId") VALUES ('124', '4', '9', '', 'No', '1', '13');
INSERT INTO "main"."PyCommerce_productspecifications" ("Id", "CategoryId", "ProductId", "SpecificationName", "SpecificationValue", "ShowInFilter", "SpecificationId") VALUES ('125', '4', '9', '', 'English & Arabic', '1', '4');
INSERT INTO "main"."PyCommerce_productspecifications" ("Id", "CategoryId", "ProductId", "SpecificationName", "SpecificationValue", "ShowInFilter", "SpecificationId") VALUES ('126', '4', '9', '', '14.4 centimeters', '0', '7');
INSERT INTO "main"."PyCommerce_productspecifications" ("Id", "CategoryId", "ProductId", "SpecificationName", "SpecificationValue", "ShowInFilter", "SpecificationId") VALUES ('127', '4', '9', '', '45.2 centimeters', '0', '8');
INSERT INTO "main"."PyCommerce_productspecifications" ("Id", "CategoryId", "ProductId", "SpecificationName", "SpecificationValue", "ShowInFilter", "SpecificationId") VALUES ('128', '4', '9', '', 'ddr4_sdram', '1', '11');
INSERT INTO "main"."PyCommerce_productspecifications" ("Id", "CategoryId", "ProductId", "SpecificationName", "SpecificationValue", "ShowInFilter", "SpecificationId") VALUES ('1028', '6', '6', '', 'Xiaomi', '1', '33');
INSERT INTO "main"."PyCommerce_productspecifications" ("Id", "CategoryId", "ProductId", "SpecificationName", "SpecificationValue", "ShowInFilter", "SpecificationId") VALUES ('1029', '6', '6', '', 'Android', '1', '17');
INSERT INTO "main"."PyCommerce_productspecifications" ("Id", "CategoryId", "ProductId", "SpecificationName", "SpecificationValue", "ShowInFilter", "SpecificationId") VALUES ('1030', '6', '6', '', '15.4 centimeters', '0', '18');
INSERT INTO "main"."PyCommerce_productspecifications" ("Id", "CategoryId", "ProductId", "SpecificationName", "SpecificationValue", "ShowInFilter", "SpecificationId") VALUES ('1031', '6', '6', '', '16 GB', '1', '19');
INSERT INTO "main"."PyCommerce_productspecifications" ("Id", "CategoryId", "ProductId", "SpecificationName", "SpecificationValue", "ShowInFilter", "SpecificationId") VALUES ('1032', '6', '6', '', '400 grams', '1', '20');
INSERT INTO "main"."PyCommerce_productspecifications" ("Id", "CategoryId", "ProductId", "SpecificationName", "SpecificationValue", "ShowInFilter", "SpecificationId") VALUES ('1033', '6', '6', '', 'Dual SIM', '1', '21');
INSERT INTO "main"."PyCommerce_productspecifications" ("Id", "CategoryId", "ProductId", "SpecificationName", "SpecificationValue", "ShowInFilter", "SpecificationId") VALUES ('1034', '6', '6', '', 'Smartphone', '1', '22');
INSERT INTO "main"."PyCommerce_productspecifications" ("Id", "CategoryId", "ProductId", "SpecificationName", "SpecificationValue", "ShowInFilter", "SpecificationId") VALUES ('1035', '6', '6', '', '4g_lte', '0', '23');
INSERT INTO "main"."PyCommerce_productspecifications" ("Id", "CategoryId", "ProductId", "SpecificationName", "SpecificationValue", "ShowInFilter", "SpecificationId") VALUES ('1036', '6', '6', '', 'MediaTek', '1', '24');
INSERT INTO "main"."PyCommerce_productspecifications" ("Id", "CategoryId", "ProductId", "SpecificationName", "SpecificationValue", "ShowInFilter", "SpecificationId") VALUES ('1037', '6', '6', '', 'Redmi 6A', '1', '25');
INSERT INTO "main"."PyCommerce_productspecifications" ("Id", "CategoryId", "ProductId", "SpecificationName", "SpecificationValue", "ShowInFilter", "SpecificationId") VALUES ('1038', '6', '6', '', '6941059605911', '1', '26');
INSERT INTO "main"."PyCommerce_productspecifications" ("Id", "CategoryId", "ProductId", "SpecificationName", "SpecificationValue", "ShowInFilter", "SpecificationId") VALUES ('1039', '6', '6', '', '3000 - 4000 mAH
', '1', '27');
INSERT INTO "main"."PyCommerce_productspecifications" ("Id", "CategoryId", "ProductId", "SpecificationName", "SpecificationValue", "ShowInFilter", "SpecificationId") VALUES ('1040', '6', '6', '', 'No', '1', '28');
INSERT INTO "main"."PyCommerce_productspecifications" ("Id", "CategoryId", "ProductId", "SpecificationName", "SpecificationValue", "ShowInFilter", "SpecificationId") VALUES ('1041', '6', '6', '', '6941059605881', '1', '29');
INSERT INTO "main"."PyCommerce_productspecifications" ("Id", "CategoryId", "ProductId", "SpecificationName", "SpecificationValue", "ShowInFilter", "SpecificationId") VALUES ('1042', '6', '6', '', '6941059605881', '1', '30');
INSERT INTO "main"."PyCommerce_productspecifications" ("Id", "CategoryId", "ProductId", "SpecificationName", "SpecificationValue", "ShowInFilter", "SpecificationId") VALUES ('1043', '6', '6', '', '13 MP', '1', '31');
INSERT INTO "main"."PyCommerce_productspecifications" ("Id", "CategoryId", "ProductId", "SpecificationName", "SpecificationValue", "ShowInFilter", "SpecificationId") VALUES ('1044', '6', '6', '', '5.45 inches', '1', '32');
INSERT INTO "main"."PyCommerce_productspecifications" ("Id", "CategoryId", "ProductId", "SpecificationName", "SpecificationValue", "ShowInFilter", "SpecificationId") VALUES ('1046', '6', '7', '', 'Samsung', '1', '33');
INSERT INTO "main"."PyCommerce_productspecifications" ("Id", "CategoryId", "ProductId", "SpecificationName", "SpecificationValue", "ShowInFilter", "SpecificationId") VALUES ('1047', '6', '7', '', 'Android', '1', '17');
INSERT INTO "main"."PyCommerce_productspecifications" ("Id", "CategoryId", "ProductId", "SpecificationName", "SpecificationValue", "ShowInFilter", "SpecificationId") VALUES ('1048', '6', '7', '', '16.4 centimeters', '0', '18');
INSERT INTO "main"."PyCommerce_productspecifications" ("Id", "CategoryId", "ProductId", "SpecificationName", "SpecificationValue", "ShowInFilter", "SpecificationId") VALUES ('1049', '6', '7', '', '32 GB', '1', '19');
INSERT INTO "main"."PyCommerce_productspecifications" ("Id", "CategoryId", "ProductId", "SpecificationName", "SpecificationValue", "ShowInFilter", "SpecificationId") VALUES ('1050', '6', '7', '', '340 grams', '1', '20');
INSERT INTO "main"."PyCommerce_productspecifications" ("Id", "CategoryId", "ProductId", "SpecificationName", "SpecificationValue", "ShowInFilter", "SpecificationId") VALUES ('1051', '6', '7', '', 'Dual SIM', '1', '21');
INSERT INTO "main"."PyCommerce_productspecifications" ("Id", "CategoryId", "ProductId", "SpecificationName", "SpecificationValue", "ShowInFilter", "SpecificationId") VALUES ('1052', '6', '7', '', 'Smartphone', '1', '22');
INSERT INTO "main"."PyCommerce_productspecifications" ("Id", "CategoryId", "ProductId", "SpecificationName", "SpecificationValue", "ShowInFilter", "SpecificationId") VALUES ('1053', '6', '7', '', '4G LTE', '0', '23');
INSERT INTO "main"."PyCommerce_productspecifications" ("Id", "CategoryId", "ProductId", "SpecificationName", "SpecificationValue", "ShowInFilter", "SpecificationId") VALUES ('1054', '6', '7', '', 'MediaTek', '1', '24');
INSERT INTO "main"."PyCommerce_productspecifications" ("Id", "CategoryId", "ProductId", "SpecificationName", "SpecificationValue", "ShowInFilter", "SpecificationId") VALUES ('1055', '6', '7', '', 'SM-A107FZBDKSA', '1', '25');
INSERT INTO "main"."PyCommerce_productspecifications" ("Id", "CategoryId", "ProductId", "SpecificationName", "SpecificationValue", "ShowInFilter", "SpecificationId") VALUES ('1056', '6', '7', '', '2725015809643', '1', '26');
INSERT INTO "main"."PyCommerce_productspecifications" ("Id", "CategoryId", "ProductId", "SpecificationName", "SpecificationValue", "ShowInFilter", "SpecificationId") VALUES ('1057', '6', '7', '', '4000 - 5000 milliampere_hour', '1', '27');
INSERT INTO "main"."PyCommerce_productspecifications" ("Id", "CategoryId", "ProductId", "SpecificationName", "SpecificationValue", "ShowInFilter", "SpecificationId") VALUES ('1058', '6', '7', '', 'No', '1', '28');
INSERT INTO "main"."PyCommerce_productspecifications" ("Id", "CategoryId", "ProductId", "SpecificationName", "SpecificationValue", "ShowInFilter", "SpecificationId") VALUES ('1059', '6', '7', '', 'UPC-A', '1', '29');
INSERT INTO "main"."PyCommerce_productspecifications" ("Id", "CategoryId", "ProductId", "SpecificationName", "SpecificationValue", "ShowInFilter", "SpecificationId") VALUES ('1060', '6', '7', '', '6941059605881', '1', '30');
INSERT INTO "main"."PyCommerce_productspecifications" ("Id", "CategoryId", "ProductId", "SpecificationName", "SpecificationValue", "ShowInFilter", "SpecificationId") VALUES ('1061', '6', '7', '', '13 MP + 2 MP', '1', '31');
INSERT INTO "main"."PyCommerce_productspecifications" ("Id", "CategoryId", "ProductId", "SpecificationName", "SpecificationValue", "ShowInFilter", "SpecificationId") VALUES ('1062', '6', '7', '', '6.2 Inch', '1', '32');
INSERT INTO "main"."PyCommerce_productspecifications" ("Id", "CategoryId", "ProductId", "SpecificationName", "SpecificationValue", "ShowInFilter", "SpecificationId") VALUES ('1064', '6', '8', '', 'Samsung', '1', '33');
INSERT INTO "main"."PyCommerce_productspecifications" ("Id", "CategoryId", "ProductId", "SpecificationName", "SpecificationValue", "ShowInFilter", "SpecificationId") VALUES ('1065', '6', '8', '', 'Android', '1', '17');
INSERT INTO "main"."PyCommerce_productspecifications" ("Id", "CategoryId", "ProductId", "SpecificationName", "SpecificationValue", "ShowInFilter", "SpecificationId") VALUES ('1066', '6', '8', '', '19.4 centimeters', '0', '18');
INSERT INTO "main"."PyCommerce_productspecifications" ("Id", "CategoryId", "ProductId", "SpecificationName", "SpecificationValue", "ShowInFilter", "SpecificationId") VALUES ('1067', '6', '8', '', '64 GB', '1', '19');
INSERT INTO "main"."PyCommerce_productspecifications" ("Id", "CategoryId", "ProductId", "SpecificationName", "SpecificationValue", "ShowInFilter", "SpecificationId") VALUES ('1068', '6', '8', '', '320 grams', '1', '20');
INSERT INTO "main"."PyCommerce_productspecifications" ("Id", "CategoryId", "ProductId", "SpecificationName", "SpecificationValue", "ShowInFilter", "SpecificationId") VALUES ('1069', '6', '8', '', 'Dual SIM', '1', '21');
INSERT INTO "main"."PyCommerce_productspecifications" ("Id", "CategoryId", "ProductId", "SpecificationName", "SpecificationValue", "ShowInFilter", "SpecificationId") VALUES ('1070', '6', '8', '', 'Smartphone', '1', '22');
INSERT INTO "main"."PyCommerce_productspecifications" ("Id", "CategoryId", "ProductId", "SpecificationName", "SpecificationValue", "ShowInFilter", "SpecificationId") VALUES ('1071', '6', '8', '', '4G LTE', '0', '23');
INSERT INTO "main"."PyCommerce_productspecifications" ("Id", "CategoryId", "ProductId", "SpecificationName", "SpecificationValue", "ShowInFilter", "SpecificationId") VALUES ('1072', '6', '8', '', 'Samsung Exynos', '1', '24');
INSERT INTO "main"."PyCommerce_productspecifications" ("Id", "CategoryId", "ProductId", "SpecificationName", "SpecificationValue", "ShowInFilter", "SpecificationId") VALUES ('1073', '6', '8', '', 'A21s', '1', '25');
INSERT INTO "main"."PyCommerce_productspecifications" ("Id", "CategoryId", "ProductId", "SpecificationName", "SpecificationValue", "ShowInFilter", "SpecificationId") VALUES ('1074', '6', '8', '', '2725597653627', '1', '26');
INSERT INTO "main"."PyCommerce_productspecifications" ("Id", "CategoryId", "ProductId", "SpecificationName", "SpecificationValue", "ShowInFilter", "SpecificationId") VALUES ('1075', '6', '8', '', '5000 - 6000 milliampere_hour', '1', '27');
INSERT INTO "main"."PyCommerce_productspecifications" ("Id", "CategoryId", "ProductId", "SpecificationName", "SpecificationValue", "ShowInFilter", "SpecificationId") VALUES ('1076', '6', '8', '', 'No', '1', '28');
INSERT INTO "main"."PyCommerce_productspecifications" ("Id", "CategoryId", "ProductId", "SpecificationName", "SpecificationValue", "ShowInFilter", "SpecificationId") VALUES ('1077', '6', '8', '', 'UPC-A', '1', '29');
INSERT INTO "main"."PyCommerce_productspecifications" ("Id", "CategoryId", "ProductId", "SpecificationName", "SpecificationValue", "ShowInFilter", "SpecificationId") VALUES ('1078', '6', '8', '', '8806090504877', '1', '30');
INSERT INTO "main"."PyCommerce_productspecifications" ("Id", "CategoryId", "ProductId", "SpecificationName", "SpecificationValue", "ShowInFilter", "SpecificationId") VALUES ('1079', '6', '8', '', '48 Megapixels', '1', '31');
INSERT INTO "main"."PyCommerce_productspecifications" ("Id", "CategoryId", "ProductId", "SpecificationName", "SpecificationValue", "ShowInFilter", "SpecificationId") VALUES ('1080', '6', '8', '', '6.5 Inches', '1', '32');
INSERT INTO "main"."PyCommerce_productspecifications" ("Id", "CategoryId", "ProductId", "SpecificationName", "SpecificationValue", "ShowInFilter", "SpecificationId") VALUES ('1082', '6', '8', '', '8 centimeters', '0', '7');
INSERT INTO "main"."PyCommerce_productspecifications" ("Id", "CategoryId", "ProductId", "SpecificationName", "SpecificationValue", "ShowInFilter", "SpecificationId") VALUES ('1083', '6', '8', '', '11.6 centimeters', '0', '8');
INSERT INTO "main"."PyCommerce_productspecifications" ("Id", "CategoryId", "ProductId", "SpecificationName", "SpecificationValue", "ShowInFilter", "SpecificationId") VALUES ('1084', '6', '14', '', 'Samsung', '1', '33');
INSERT INTO "main"."PyCommerce_productspecifications" ("Id", "CategoryId", "ProductId", "SpecificationName", "SpecificationValue", "ShowInFilter", "SpecificationId") VALUES ('1085', '6', '14', '', 'Android', '1', '17');
INSERT INTO "main"."PyCommerce_productspecifications" ("Id", "CategoryId", "ProductId", "SpecificationName", "SpecificationValue", "ShowInFilter", "SpecificationId") VALUES ('1086', '6', '14', '', '8.6 centimeters', '0', '18');
INSERT INTO "main"."PyCommerce_productspecifications" ("Id", "CategoryId", "ProductId", "SpecificationName", "SpecificationValue", "ShowInFilter", "SpecificationId") VALUES ('1087', '6', '14', '', '128GB', '1', '19');
INSERT INTO "main"."PyCommerce_productspecifications" ("Id", "CategoryId", "ProductId", "SpecificationName", "SpecificationValue", "ShowInFilter", "SpecificationId") VALUES ('1088', '6', '14', '', '320 grams', '1', '20');
INSERT INTO "main"."PyCommerce_productspecifications" ("Id", "CategoryId", "ProductId", "SpecificationName", "SpecificationValue", "ShowInFilter", "SpecificationId") VALUES ('1089', '6', '14', '', 'Dual SIM', '1', '21');
INSERT INTO "main"."PyCommerce_productspecifications" ("Id", "CategoryId", "ProductId", "SpecificationName", "SpecificationValue", "ShowInFilter", "SpecificationId") VALUES ('1090', '6', '14', '', 'Smartphone', '1', '22');
INSERT INTO "main"."PyCommerce_productspecifications" ("Id", "CategoryId", "ProductId", "SpecificationName", "SpecificationValue", "ShowInFilter", "SpecificationId") VALUES ('1091', '6', '14', '', '4G LTE', '0', '23');
INSERT INTO "main"."PyCommerce_productspecifications" ("Id", "CategoryId", "ProductId", "SpecificationName", "SpecificationValue", "ShowInFilter", "SpecificationId") VALUES ('1092', '6', '14', '', 'Samsung Exynos', '1', '24');
INSERT INTO "main"."PyCommerce_productspecifications" ("Id", "CategoryId", "ProductId", "SpecificationName", "SpecificationValue", "ShowInFilter", "SpecificationId") VALUES ('1093', '6', '14', '', 'A21s', '1', '25');
INSERT INTO "main"."PyCommerce_productspecifications" ("Id", "CategoryId", "ProductId", "SpecificationName", "SpecificationValue", "ShowInFilter", "SpecificationId") VALUES ('1094', '6', '14', '', '2725597653627', '1', '26');
INSERT INTO "main"."PyCommerce_productspecifications" ("Id", "CategoryId", "ProductId", "SpecificationName", "SpecificationValue", "ShowInFilter", "SpecificationId") VALUES ('1095', '6', '14', '', '5000 - 6000 milliampere_hour', '1', '27');
INSERT INTO "main"."PyCommerce_productspecifications" ("Id", "CategoryId", "ProductId", "SpecificationName", "SpecificationValue", "ShowInFilter", "SpecificationId") VALUES ('1096', '6', '14', '', 'No', '1', '28');
INSERT INTO "main"."PyCommerce_productspecifications" ("Id", "CategoryId", "ProductId", "SpecificationName", "SpecificationValue", "ShowInFilter", "SpecificationId") VALUES ('1097', '6', '14', '', 'UPC-A', '1', '29');
INSERT INTO "main"."PyCommerce_productspecifications" ("Id", "CategoryId", "ProductId", "SpecificationName", "SpecificationValue", "ShowInFilter", "SpecificationId") VALUES ('1098', '6', '14', '', '8806090504877', '1', '30');
INSERT INTO "main"."PyCommerce_productspecifications" ("Id", "CategoryId", "ProductId", "SpecificationName", "SpecificationValue", "ShowInFilter", "SpecificationId") VALUES ('1099', '6', '14', '', '48 Megapixels', '1', '31');
INSERT INTO "main"."PyCommerce_productspecifications" ("Id", "CategoryId", "ProductId", "SpecificationName", "SpecificationValue", "ShowInFilter", "SpecificationId") VALUES ('1100', '6', '14', '', '6.5 Inches', '1', '32');
INSERT INTO "main"."PyCommerce_productspecifications" ("Id", "CategoryId", "ProductId", "SpecificationName", "SpecificationValue", "ShowInFilter", "SpecificationId") VALUES ('1102', '6', '14', '', '8 centimeters', '0', '7');
INSERT INTO "main"."PyCommerce_productspecifications" ("Id", "CategoryId", "ProductId", "SpecificationName", "SpecificationValue", "ShowInFilter", "SpecificationId") VALUES ('1103', '6', '14', '', '11.6 centimeters', '0', '8');
INSERT INTO "main"."PyCommerce_productspecifications" ("Id", "CategoryId", "ProductId", "SpecificationName", "SpecificationValue", "ShowInFilter", "SpecificationId") VALUES ('1104', '6', '5', '', 'Samsung', '1', '33');
INSERT INTO "main"."PyCommerce_productspecifications" ("Id", "CategoryId", "ProductId", "SpecificationName", "SpecificationValue", "ShowInFilter", "SpecificationId") VALUES ('1105', '6', '5', '', 'Android', '1', '17');
INSERT INTO "main"."PyCommerce_productspecifications" ("Id", "CategoryId", "ProductId", "SpecificationName", "SpecificationValue", "ShowInFilter", "SpecificationId") VALUES ('1106', '6', '5', '', '16.6 centimeters', '0', '18');
INSERT INTO "main"."PyCommerce_productspecifications" ("Id", "CategoryId", "ProductId", "SpecificationName", "SpecificationValue", "ShowInFilter", "SpecificationId") VALUES ('1107', '6', '5', '', '128GB', '1', '19');
INSERT INTO "main"."PyCommerce_productspecifications" ("Id", "CategoryId", "ProductId", "SpecificationName", "SpecificationValue", "ShowInFilter", "SpecificationId") VALUES ('1108', '6', '5', '', '380 grams', '1', '20');
INSERT INTO "main"."PyCommerce_productspecifications" ("Id", "CategoryId", "ProductId", "SpecificationName", "SpecificationValue", "ShowInFilter", "SpecificationId") VALUES ('1109', '6', '5', '', 'Dual SIM', '1', '21');
INSERT INTO "main"."PyCommerce_productspecifications" ("Id", "CategoryId", "ProductId", "SpecificationName", "SpecificationValue", "ShowInFilter", "SpecificationId") VALUES ('1110', '6', '5', '', 'Smartphone', '1', '22');
INSERT INTO "main"."PyCommerce_productspecifications" ("Id", "CategoryId", "ProductId", "SpecificationName", "SpecificationValue", "ShowInFilter", "SpecificationId") VALUES ('1111', '6', '5', '', '4G LTE', '0', '23');
INSERT INTO "main"."PyCommerce_productspecifications" ("Id", "CategoryId", "ProductId", "SpecificationName", "SpecificationValue", "ShowInFilter", "SpecificationId") VALUES ('1112', '6', '5', '', 'Samsung Exynos', '1', '24');
INSERT INTO "main"."PyCommerce_productspecifications" ("Id", "CategoryId", "ProductId", "SpecificationName", "SpecificationValue", "ShowInFilter", "SpecificationId") VALUES ('1113', '6', '5', '', 'A515F ', '1', '25');
INSERT INTO "main"."PyCommerce_productspecifications" ("Id", "CategoryId", "ProductId", "SpecificationName", "SpecificationValue", "ShowInFilter", "SpecificationId") VALUES ('1114', '6', '5', '', '8806090243554', '1', '26');
INSERT INTO "main"."PyCommerce_productspecifications" ("Id", "CategoryId", "ProductId", "SpecificationName", "SpecificationValue", "ShowInFilter", "SpecificationId") VALUES ('1115', '6', '5', '', '3000 - 4000 milliampere_hour', '1', '27');
INSERT INTO "main"."PyCommerce_productspecifications" ("Id", "CategoryId", "ProductId", "SpecificationName", "SpecificationValue", "ShowInFilter", "SpecificationId") VALUES ('1116', '6', '5', '', 'No', '1', '28');
INSERT INTO "main"."PyCommerce_productspecifications" ("Id", "CategoryId", "ProductId", "SpecificationName", "SpecificationValue", "ShowInFilter", "SpecificationId") VALUES ('1117', '6', '5', '', 'UPC-A', '1', '29');
INSERT INTO "main"."PyCommerce_productspecifications" ("Id", "CategoryId", "ProductId", "SpecificationName", "SpecificationValue", "ShowInFilter", "SpecificationId") VALUES ('1118', '6', '5', '', '8806090243554', '1', '30');
INSERT INTO "main"."PyCommerce_productspecifications" ("Id", "CategoryId", "ProductId", "SpecificationName", "SpecificationValue", "ShowInFilter", "SpecificationId") VALUES ('1119', '6', '5', '', '48 MP', '1', '31');
INSERT INTO "main"."PyCommerce_productspecifications" ("Id", "CategoryId", "ProductId", "SpecificationName", "SpecificationValue", "ShowInFilter", "SpecificationId") VALUES ('1120', '6', '5', '', '6.5 Inches', '1', '32');
INSERT INTO "main"."PyCommerce_productspecifications" ("Id", "CategoryId", "ProductId", "SpecificationName", "SpecificationValue", "ShowInFilter", "SpecificationId") VALUES ('1122', '6', '5', '', '5.4 centimeters', '0', '7');
INSERT INTO "main"."PyCommerce_productspecifications" ("Id", "CategoryId", "ProductId", "SpecificationName", "SpecificationValue", "ShowInFilter", "SpecificationId") VALUES ('1123', '6', '5', '', '8 centimeters', '0', '8');
INSERT INTO "main"."PyCommerce_productspecifications" ("Id", "CategoryId", "ProductId", "SpecificationName", "SpecificationValue", "ShowInFilter", "SpecificationId") VALUES ('1124', '6', '16', '', 'Samsung', '1', '33');
INSERT INTO "main"."PyCommerce_productspecifications" ("Id", "CategoryId", "ProductId", "SpecificationName", "SpecificationValue", "ShowInFilter", "SpecificationId") VALUES ('1125', '6', '16', '', 'Android', '1', '17');
INSERT INTO "main"."PyCommerce_productspecifications" ("Id", "CategoryId", "ProductId", "SpecificationName", "SpecificationValue", "ShowInFilter", "SpecificationId") VALUES ('1126', '6', '16', '', '17.4 centimeters', '0', '18');
INSERT INTO "main"."PyCommerce_productspecifications" ("Id", "CategoryId", "ProductId", "SpecificationName", "SpecificationValue", "ShowInFilter", "SpecificationId") VALUES ('1127', '6', '16', '', '1TB', '1', '19');
INSERT INTO "main"."PyCommerce_productspecifications" ("Id", "CategoryId", "ProductId", "SpecificationName", "SpecificationValue", "ShowInFilter", "SpecificationId") VALUES ('1128', '6', '16', '', '440 grams', '1', '20');
INSERT INTO "main"."PyCommerce_productspecifications" ("Id", "CategoryId", "ProductId", "SpecificationName", "SpecificationValue", "ShowInFilter", "SpecificationId") VALUES ('1129', '6', '16', '', 'Dual SIM', '1', '21');
INSERT INTO "main"."PyCommerce_productspecifications" ("Id", "CategoryId", "ProductId", "SpecificationName", "SpecificationValue", "ShowInFilter", "SpecificationId") VALUES ('1130', '6', '16', '', 'Smartphone', '1', '22');
INSERT INTO "main"."PyCommerce_productspecifications" ("Id", "CategoryId", "ProductId", "SpecificationName", "SpecificationValue", "ShowInFilter", "SpecificationId") VALUES ('1131', '6', '16', '', '4G LTE', '0', '23');
INSERT INTO "main"."PyCommerce_productspecifications" ("Id", "CategoryId", "ProductId", "SpecificationName", "SpecificationValue", "ShowInFilter", "SpecificationId") VALUES ('1132', '6', '16', '', 'Samsung Exynos', '1', '24');
INSERT INTO "main"."PyCommerce_productspecifications" ("Id", "CategoryId", "ProductId", "SpecificationName", "SpecificationValue", "ShowInFilter", "SpecificationId") VALUES ('1133', '6', '16', '', 'SM-G975FCWHXSG', '1', '25');
INSERT INTO "main"."PyCommerce_productspecifications" ("Id", "CategoryId", "ProductId", "SpecificationName", "SpecificationValue", "ShowInFilter", "SpecificationId") VALUES ('1134', '6', '16', '', '8801643720261', '1', '26');
INSERT INTO "main"."PyCommerce_productspecifications" ("Id", "CategoryId", "ProductId", "SpecificationName", "SpecificationValue", "ShowInFilter", "SpecificationId") VALUES ('1135', '6', '16', '', '4000 - 5000 mAH', '1', '27');
INSERT INTO "main"."PyCommerce_productspecifications" ("Id", "CategoryId", "ProductId", "SpecificationName", "SpecificationValue", "ShowInFilter", "SpecificationId") VALUES ('1136', '6', '16', '', 'No', '1', '28');
INSERT INTO "main"."PyCommerce_productspecifications" ("Id", "CategoryId", "ProductId", "SpecificationName", "SpecificationValue", "ShowInFilter", "SpecificationId") VALUES ('1137', '6', '16', '', 'UPC-A', '1', '29');
INSERT INTO "main"."PyCommerce_productspecifications" ("Id", "CategoryId", "ProductId", "SpecificationName", "SpecificationValue", "ShowInFilter", "SpecificationId") VALUES ('1138', '6', '16', '', '8801643720261', '1', '30');
INSERT INTO "main"."PyCommerce_productspecifications" ("Id", "CategoryId", "ProductId", "SpecificationName", "SpecificationValue", "ShowInFilter", "SpecificationId") VALUES ('1139', '6', '16', '', '12 MP AND 12 MP AND 16 MP', '1', '31');
INSERT INTO "main"."PyCommerce_productspecifications" ("Id", "CategoryId", "ProductId", "SpecificationName", "SpecificationValue", "ShowInFilter", "SpecificationId") VALUES ('1140', '6', '16', '', '6.3 Inch', '1', '32');
INSERT INTO "main"."PyCommerce_productspecifications" ("Id", "CategoryId", "ProductId", "SpecificationName", "SpecificationValue", "ShowInFilter", "SpecificationId") VALUES ('1142', '6', '16', '', '5.4 centimeters', '0', '7');
INSERT INTO "main"."PyCommerce_productspecifications" ("Id", "CategoryId", "ProductId", "SpecificationName", "SpecificationValue", "ShowInFilter", "SpecificationId") VALUES ('1143', '6', '16', '', '9 centimeters', '0', '8');
INSERT INTO "main"."PyCommerce_productspecifications" ("Id", "CategoryId", "ProductId", "SpecificationName", "SpecificationValue", "ShowInFilter", "SpecificationId") VALUES ('1155', '4', '17', '', 'Black', '', '1');
INSERT INTO "main"."PyCommerce_productspecifications" ("Id", "CategoryId", "ProductId", "SpecificationName", "SpecificationValue", "ShowInFilter", "SpecificationId") VALUES ('1156', '4', '17', '', '4GB', '', '10');
INSERT INTO "main"."PyCommerce_productspecifications" ("Id", "CategoryId", "ProductId", "SpecificationName", "SpecificationValue", "ShowInFilter", "SpecificationId") VALUES ('1157', '4', '17', '', '450gm', '', '16');
INSERT INTO "main"."PyCommerce_productspecifications" ("Id", "CategoryId", "ProductId", "SpecificationName", "SpecificationValue", "ShowInFilter", "SpecificationId") VALUES ('1158', '4', '17', '', 'Core I-7', '', '9');
INSERT INTO "main"."PyCommerce_productspecifications" ("Id", "CategoryId", "ProductId", "SpecificationName", "SpecificationValue", "ShowInFilter", "SpecificationId") VALUES ('1159', '4', '17', '', '14 inches', '', '12');
INSERT INTO "main"."PyCommerce_productspecifications" ("Id", "CategoryId", "ProductId", "SpecificationName", "SpecificationValue", "ShowInFilter", "SpecificationId") VALUES ('1160', '4', '17', '', 'GTX 1660 Ti ', '', '2');
INSERT INTO "main"."PyCommerce_productspecifications" ("Id", "CategoryId", "ProductId", "SpecificationName", "SpecificationValue", "ShowInFilter", "SpecificationId") VALUES ('1161', '4', '17', '', 'USB 3.2', '', '15');
INSERT INTO "main"."PyCommerce_productspecifications" ("Id", "CategoryId", "ProductId", "SpecificationName", "SpecificationValue", "ShowInFilter", "SpecificationId") VALUES ('1162', '4', '17', '', 'PCIe & Serial ATA', '', '3');
INSERT INTO "main"."PyCommerce_productspecifications" ("Id", "CategoryId", "ProductId", "SpecificationName", "SpecificationValue", "ShowInFilter", "SpecificationId") VALUES ('1163', '4', '17', '', 'DDR4
', '', '5');
INSERT INTO "main"."PyCommerce_productspecifications" ("Id", "CategoryId", "ProductId", "SpecificationName", "SpecificationValue", "ShowInFilter", "SpecificationId") VALUES ('1164', '4', '17', '', 'Gaming', '1', '14');
INSERT INTO "main"."PyCommerce_productspecifications" ("Id", "CategoryId", "ProductId", "SpecificationName", "SpecificationValue", "ShowInFilter", "SpecificationId") VALUES ('1165', '4', '17', '', 'DVD-Writer', '', '6');
INSERT INTO "main"."PyCommerce_productspecifications" ("Id", "CategoryId", "ProductId", "SpecificationName", "SpecificationValue", "ShowInFilter", "SpecificationId") VALUES ('1166', '4', '17', '', 'No', '', '13');
INSERT INTO "main"."PyCommerce_productspecifications" ("Id", "CategoryId", "ProductId", "SpecificationName", "SpecificationValue", "ShowInFilter", "SpecificationId") VALUES ('1167', '4', '17', '', 'English & Arabic', '', '4');
INSERT INTO "main"."PyCommerce_productspecifications" ("Id", "CategoryId", "ProductId", "SpecificationName", "SpecificationValue", "ShowInFilter", "SpecificationId") VALUES ('1168', '4', '17', '', '5.4 centimeters', '', '7');
INSERT INTO "main"."PyCommerce_productspecifications" ("Id", "CategoryId", "ProductId", "SpecificationName", "SpecificationValue", "ShowInFilter", "SpecificationId") VALUES ('1169', '4', '17', '', '10.6 centimeters', '', '8');
INSERT INTO "main"."PyCommerce_productspecifications" ("Id", "CategoryId", "ProductId", "SpecificationName", "SpecificationValue", "ShowInFilter", "SpecificationId") VALUES ('1170', '4', '17', '', 'ddr4_sdram', '', '11');
INSERT INTO "main"."PyCommerce_productspecifications" ("Id", "CategoryId", "ProductId", "SpecificationName", "SpecificationValue", "ShowInFilter", "SpecificationId") VALUES ('1171', '4', '1', '', 'HP', '1', '33');
INSERT INTO "main"."PyCommerce_productspecifications" ("Id", "CategoryId", "ProductId", "SpecificationName", "SpecificationValue", "ShowInFilter", "SpecificationId") VALUES ('1172', '4', '2', '', 'Lenovo', '1', '33');
INSERT INTO "main"."PyCommerce_productspecifications" ("Id", "CategoryId", "ProductId", "SpecificationName", "SpecificationValue", "ShowInFilter", "SpecificationId") VALUES ('1173', '5', '3', '', 'Dell', '1', '33');
INSERT INTO "main"."PyCommerce_productspecifications" ("Id", "CategoryId", "ProductId", "SpecificationName", "SpecificationValue", "ShowInFilter", "SpecificationId") VALUES ('1174', '5', '4', '', 'Dell', '1', '33');
INSERT INTO "main"."PyCommerce_productspecifications" ("Id", "CategoryId", "ProductId", "SpecificationName", "SpecificationValue", "ShowInFilter", "SpecificationId") VALUES ('1176', '7', '28', '', 'G-Tab', '1', '33');
INSERT INTO "main"."PyCommerce_productspecifications" ("Id", "CategoryId", "ProductId", "SpecificationName", "SpecificationValue", "ShowInFilter", "SpecificationId") VALUES ('1177', '7', '28', '', 'Android', '1', '17');
INSERT INTO "main"."PyCommerce_productspecifications" ("Id", "CategoryId", "ProductId", "SpecificationName", "SpecificationValue", "ShowInFilter", "SpecificationId") VALUES ('1178', '7', '28', '', '14.4 centimeters', '0', '18');
INSERT INTO "main"."PyCommerce_productspecifications" ("Id", "CategoryId", "ProductId", "SpecificationName", "SpecificationValue", "ShowInFilter", "SpecificationId") VALUES ('1179', '7', '28', '', '8 GB', '', '19');
INSERT INTO "main"."PyCommerce_productspecifications" ("Id", "CategoryId", "ProductId", "SpecificationName", "SpecificationValue", "ShowInFilter", "SpecificationId") VALUES ('1180', '7', '28', '', '580 grams', '0', '20');
INSERT INTO "main"."PyCommerce_productspecifications" ("Id", "CategoryId", "ProductId", "SpecificationName", "SpecificationValue", "ShowInFilter", "SpecificationId") VALUES ('1181', '7', '28', '', 'Without SIM', '', '21');
INSERT INTO "main"."PyCommerce_productspecifications" ("Id", "CategoryId", "ProductId", "SpecificationName", "SpecificationValue", "ShowInFilter", "SpecificationId") VALUES ('1182', '7', '28', '', 'No', '0', '22');
INSERT INTO "main"."PyCommerce_productspecifications" ("Id", "CategoryId", "ProductId", "SpecificationName", "SpecificationValue", "ShowInFilter", "SpecificationId") VALUES ('1183', '7', '28', '', 'No', '0', '23');
INSERT INTO "main"."PyCommerce_productspecifications" ("Id", "CategoryId", "ProductId", "SpecificationName", "SpecificationValue", "ShowInFilter", "SpecificationId") VALUES ('1184', '7', '28', '', 'MediaTek', '0', '24');
INSERT INTO "main"."PyCommerce_productspecifications" ("Id", "CategoryId", "ProductId", "SpecificationName", "SpecificationValue", "ShowInFilter", "SpecificationId") VALUES ('1185', '7', '28', '', 'Q88', '0', '25');
INSERT INTO "main"."PyCommerce_productspecifications" ("Id", "CategoryId", "ProductId", "SpecificationName", "SpecificationValue", "ShowInFilter", "SpecificationId") VALUES ('1186', '7', '28', '', '2725505983273', '0', '26');
INSERT INTO "main"."PyCommerce_productspecifications" ("Id", "CategoryId", "ProductId", "SpecificationName", "SpecificationValue", "ShowInFilter", "SpecificationId") VALUES ('1187', '7', '28', '', '4000 - 5000 milliampere_hour', '1', '27');
INSERT INTO "main"."PyCommerce_productspecifications" ("Id", "CategoryId", "ProductId", "SpecificationName", "SpecificationValue", "ShowInFilter", "SpecificationId") VALUES ('1188', '7', '28', '', 'No', '0', '28');
INSERT INTO "main"."PyCommerce_productspecifications" ("Id", "CategoryId", "ProductId", "SpecificationName", "SpecificationValue", "ShowInFilter", "SpecificationId") VALUES ('1190', '7', '28', '', '6952388088115', '0', '30');
INSERT INTO "main"."PyCommerce_productspecifications" ("Id", "CategoryId", "ProductId", "SpecificationName", "SpecificationValue", "ShowInFilter", "SpecificationId") VALUES ('1191', '7', '28', '', '2 - 5 MP', '1', '31');
INSERT INTO "main"."PyCommerce_productspecifications" ("Id", "CategoryId", "ProductId", "SpecificationName", "SpecificationValue", "ShowInFilter", "SpecificationId") VALUES ('1192', '7', '28', '', '7 Inch', '1', '32');
INSERT INTO "main"."PyCommerce_productspecifications" ("Id", "CategoryId", "ProductId", "SpecificationName", "SpecificationValue", "ShowInFilter", "SpecificationId") VALUES ('1193', '7', '28', '', 'White', '1', '1');
INSERT INTO "main"."PyCommerce_productspecifications" ("Id", "CategoryId", "ProductId", "SpecificationName", "SpecificationValue", "ShowInFilter", "SpecificationId") VALUES ('1194', '7', '29', '', 'Huawei', '1', '33');
INSERT INTO "main"."PyCommerce_productspecifications" ("Id", "CategoryId", "ProductId", "SpecificationName", "SpecificationValue", "ShowInFilter", "SpecificationId") VALUES ('1195', '7', '29', '', 'Android', '1', '17');
INSERT INTO "main"."PyCommerce_productspecifications" ("Id", "CategoryId", "ProductId", "SpecificationName", "SpecificationValue", "ShowInFilter", "SpecificationId") VALUES ('1196', '7', '29', '', '14.4 centimeters', '0', '18');
INSERT INTO "main"."PyCommerce_productspecifications" ("Id", "CategoryId", "ProductId", "SpecificationName", "SpecificationValue", "ShowInFilter", "SpecificationId") VALUES ('1197', '7', '29', '', '16 GB', '1', '19');
INSERT INTO "main"."PyCommerce_productspecifications" ("Id", "CategoryId", "ProductId", "SpecificationName", "SpecificationValue", "ShowInFilter", "SpecificationId") VALUES ('1199', '7', '29', '', 'Single SIM', '1', '21');
INSERT INTO "main"."PyCommerce_productspecifications" ("Id", "CategoryId", "ProductId", "SpecificationName", "SpecificationValue", "ShowInFilter", "SpecificationId") VALUES ('1200', '7', '29', '', 'No', '0', '22');
INSERT INTO "main"."PyCommerce_productspecifications" ("Id", "CategoryId", "ProductId", "SpecificationName", "SpecificationValue", "ShowInFilter", "SpecificationId") VALUES ('1201', '7', '29', '', 'LTE', '0', '23');
INSERT INTO "main"."PyCommerce_productspecifications" ("Id", "CategoryId", "ProductId", "SpecificationName", "SpecificationValue", "ShowInFilter", "SpecificationId") VALUES ('1202', '7', '29', '', 'MediaTek', '0', '24');
INSERT INTO "main"."PyCommerce_productspecifications" ("Id", "CategoryId", "ProductId", "SpecificationName", "SpecificationValue", "ShowInFilter", "SpecificationId") VALUES ('1203', '7', '29', '', 'Q88', '0', '25');
INSERT INTO "main"."PyCommerce_productspecifications" ("Id", "CategoryId", "ProductId", "SpecificationName", "SpecificationValue", "ShowInFilter", "SpecificationId") VALUES ('1204', '7', '29', '', '2725550984812', '0', '26');
INSERT INTO "main"."PyCommerce_productspecifications" ("Id", "CategoryId", "ProductId", "SpecificationName", "SpecificationValue", "ShowInFilter", "SpecificationId") VALUES ('1205', '7', '29', '', '3000 milliampere_hour & above', '1', '27');
INSERT INTO "main"."PyCommerce_productspecifications" ("Id", "CategoryId", "ProductId", "SpecificationName", "SpecificationValue", "ShowInFilter", "SpecificationId") VALUES ('1206', '7', '29', '', 'No', '', '28');
INSERT INTO "main"."PyCommerce_productspecifications" ("Id", "CategoryId", "ProductId", "SpecificationName", "SpecificationValue", "ShowInFilter", "SpecificationId") VALUES ('1208', '7', '29', '', '6972453161543', '0', '30');
INSERT INTO "main"."PyCommerce_productspecifications" ("Id", "CategoryId", "ProductId", "SpecificationName", "SpecificationValue", "ShowInFilter", "SpecificationId") VALUES ('1209', '7', '29', '', '2 - 5 MP', '1', '31');
INSERT INTO "main"."PyCommerce_productspecifications" ("Id", "CategoryId", "ProductId", "SpecificationName", "SpecificationValue", "ShowInFilter", "SpecificationId") VALUES ('1210', '7', '29', '', '8 Inch', '1', '32');
INSERT INTO "main"."PyCommerce_productspecifications" ("Id", "CategoryId", "ProductId", "SpecificationName", "SpecificationValue", "ShowInFilter", "SpecificationId") VALUES ('1211', '7', '29', '', 'Blue', '1', '1');
INSERT INTO "main"."PyCommerce_productspecifications" ("Id", "CategoryId", "ProductId", "SpecificationName", "SpecificationValue", "ShowInFilter", "SpecificationId") VALUES ('1212', '7', '30', '', 'Alcatel', '1', '33');
INSERT INTO "main"."PyCommerce_productspecifications" ("Id", "CategoryId", "ProductId", "SpecificationName", "SpecificationValue", "ShowInFilter", "SpecificationId") VALUES ('1213', '7', '30', '', 'Android', '1', '17');
INSERT INTO "main"."PyCommerce_productspecifications" ("Id", "CategoryId", "ProductId", "SpecificationName", "SpecificationValue", "ShowInFilter", "SpecificationId") VALUES ('1214', '7', '30', '', '19.4 centimeters', '0', '18');
INSERT INTO "main"."PyCommerce_productspecifications" ("Id", "CategoryId", "ProductId", "SpecificationName", "SpecificationValue", "ShowInFilter", "SpecificationId") VALUES ('1215', '7', '30', '', '16 GB', '1', '19');
INSERT INTO "main"."PyCommerce_productspecifications" ("Id", "CategoryId", "ProductId", "SpecificationName", "SpecificationValue", "ShowInFilter", "SpecificationId") VALUES ('1216', '7', '30', '', '484 grams', '0', '20');
INSERT INTO "main"."PyCommerce_productspecifications" ("Id", "CategoryId", "ProductId", "SpecificationName", "SpecificationValue", "ShowInFilter", "SpecificationId") VALUES ('1217', '7', '30', '', 'Single SIM', '1', '21');
INSERT INTO "main"."PyCommerce_productspecifications" ("Id", "CategoryId", "ProductId", "SpecificationName", "SpecificationValue", "ShowInFilter", "SpecificationId") VALUES ('1219', '7', '30', '', '3G', '0', '23');
INSERT INTO "main"."PyCommerce_productspecifications" ("Id", "CategoryId", "ProductId", "SpecificationName", "SpecificationValue", "ShowInFilter", "SpecificationId") VALUES ('1220', '7', '30', '', 'MediaTek', '0', '24');
INSERT INTO "main"."PyCommerce_productspecifications" ("Id", "CategoryId", "ProductId", "SpecificationName", "SpecificationValue", "ShowInFilter", "SpecificationId") VALUES ('1221', '7', '30', '', '1T', '0', '25');
INSERT INTO "main"."PyCommerce_productspecifications" ("Id", "CategoryId", "ProductId", "SpecificationName", "SpecificationValue", "ShowInFilter", "SpecificationId") VALUES ('1222', '7', '30', '', '2725079598378', '0', '26');
INSERT INTO "main"."PyCommerce_productspecifications" ("Id", "CategoryId", "ProductId", "SpecificationName", "SpecificationValue", "ShowInFilter", "SpecificationId") VALUES ('1223', '7', '30', '', '2000 - 3000 milliampere_hour', '1', '27');
INSERT INTO "main"."PyCommerce_productspecifications" ("Id", "CategoryId", "ProductId", "SpecificationName", "SpecificationValue", "ShowInFilter", "SpecificationId") VALUES ('1224', '7', '30', '', 'No', '0', '28');
INSERT INTO "main"."PyCommerce_productspecifications" ("Id", "CategoryId", "ProductId", "SpecificationName", "SpecificationValue", "ShowInFilter", "SpecificationId") VALUES ('1226', '7', '30', '', '4894461788425', '0', '30');
INSERT INTO "main"."PyCommerce_productspecifications" ("Id", "CategoryId", "ProductId", "SpecificationName", "SpecificationValue", "ShowInFilter", "SpecificationId") VALUES ('1227', '7', '30', '', '2 - 5 MP', '1', '31');
INSERT INTO "main"."PyCommerce_productspecifications" ("Id", "CategoryId", "ProductId", "SpecificationName", "SpecificationValue", "ShowInFilter", "SpecificationId") VALUES ('1228', '7', '30', '', '7 Inch', '1', '32');
INSERT INTO "main"."PyCommerce_productspecifications" ("Id", "CategoryId", "ProductId", "SpecificationName", "SpecificationValue", "ShowInFilter", "SpecificationId") VALUES ('1229', '7', '30', '', 'Prime Black', '1', '1');
INSERT INTO "main"."PyCommerce_productspecifications" ("Id", "CategoryId", "ProductId", "SpecificationName", "SpecificationValue", "ShowInFilter", "SpecificationId") VALUES ('1230', '7', '31', '', 'Mtouch', '1', '33');
INSERT INTO "main"."PyCommerce_productspecifications" ("Id", "CategoryId", "ProductId", "SpecificationName", "SpecificationValue", "ShowInFilter", "SpecificationId") VALUES ('1231', '7', '31', '', 'Android 7.1 Nougat', '1', '17');
INSERT INTO "main"."PyCommerce_productspecifications" ("Id", "CategoryId", "ProductId", "SpecificationName", "SpecificationValue", "ShowInFilter", "SpecificationId") VALUES ('1232', '7', '31', '', '19.4 centimeters', '0', '18');
INSERT INTO "main"."PyCommerce_productspecifications" ("Id", "CategoryId", "ProductId", "SpecificationName", "SpecificationValue", "ShowInFilter", "SpecificationId") VALUES ('1233', '7', '31', '', '1 GB', '1', '19');
INSERT INTO "main"."PyCommerce_productspecifications" ("Id", "CategoryId", "ProductId", "SpecificationName", "SpecificationValue", "ShowInFilter", "SpecificationId") VALUES ('1235', '7', '31', '', 'Without SIM', '1', '21');
INSERT INTO "main"."PyCommerce_productspecifications" ("Id", "CategoryId", "ProductId", "SpecificationName", "SpecificationValue", "ShowInFilter", "SpecificationId") VALUES ('1236', '7', '31', '', 'No', '0', '23');
INSERT INTO "main"."PyCommerce_productspecifications" ("Id", "CategoryId", "ProductId", "SpecificationName", "SpecificationValue", "ShowInFilter", "SpecificationId") VALUES ('1237', '7', '31', '', 'MediaTek', '0', '24');
INSERT INTO "main"."PyCommerce_productspecifications" ("Id", "CategoryId", "ProductId", "SpecificationName", "SpecificationValue", "ShowInFilter", "SpecificationId") VALUES ('1238', '7', '31', '', 'M1', '0', '25');
INSERT INTO "main"."PyCommerce_productspecifications" ("Id", "CategoryId", "ProductId", "SpecificationName", "SpecificationValue", "ShowInFilter", "SpecificationId") VALUES ('1239', '7', '31', '', '2725515304822', '0', '26');
INSERT INTO "main"."PyCommerce_productspecifications" ("Id", "CategoryId", "ProductId", "SpecificationName", "SpecificationValue", "ShowInFilter", "SpecificationId") VALUES ('1240', '7', '31', '', '2000 - 3000 milliampere_hour', '1', '27');
INSERT INTO "main"."PyCommerce_productspecifications" ("Id", "CategoryId", "ProductId", "SpecificationName", "SpecificationValue", "ShowInFilter", "SpecificationId") VALUES ('1241', '7', '31', '', 'No', '0', '28');
INSERT INTO "main"."PyCommerce_productspecifications" ("Id", "CategoryId", "ProductId", "SpecificationName", "SpecificationValue", "ShowInFilter", "SpecificationId") VALUES ('1242', '7', '31', '', '3553110920519', '0', '30');
INSERT INTO "main"."PyCommerce_productspecifications" ("Id", "CategoryId", "ProductId", "SpecificationName", "SpecificationValue", "ShowInFilter", "SpecificationId") VALUES ('1243', '7', '31', '', '2 - 5 MP', '1', '31');
INSERT INTO "main"."PyCommerce_productspecifications" ("Id", "CategoryId", "ProductId", "SpecificationName", "SpecificationValue", "ShowInFilter", "SpecificationId") VALUES ('1244', '7', '31', '', '7 Inch', '1', '32');
INSERT INTO "main"."PyCommerce_productspecifications" ("Id", "CategoryId", "ProductId", "SpecificationName", "SpecificationValue", "ShowInFilter", "SpecificationId") VALUES ('1245', '7', '31', '', 'White', '1', '1');
INSERT INTO "main"."PyCommerce_productspecifications" ("Id", "CategoryId", "ProductId", "SpecificationName", "SpecificationValue", "ShowInFilter", "SpecificationId") VALUES ('1246', '7', '32', '', 'iKu', '1', '33');
INSERT INTO "main"."PyCommerce_productspecifications" ("Id", "CategoryId", "ProductId", "SpecificationName", "SpecificationValue", "ShowInFilter", "SpecificationId") VALUES ('1247', '7', '32', '', 'Android', '1', '17');
INSERT INTO "main"."PyCommerce_productspecifications" ("Id", "CategoryId", "ProductId", "SpecificationName", "SpecificationValue", "ShowInFilter", "SpecificationId") VALUES ('1248', '7', '32', '', '21.4 centimeters', '0', '18');
INSERT INTO "main"."PyCommerce_productspecifications" ("Id", "CategoryId", "ProductId", "SpecificationName", "SpecificationValue", "ShowInFilter", "SpecificationId") VALUES ('1249', '7', '32', '', '1 GB
', '1', '19');
INSERT INTO "main"."PyCommerce_productspecifications" ("Id", "CategoryId", "ProductId", "SpecificationName", "SpecificationValue", "ShowInFilter", "SpecificationId") VALUES ('1250', '7', '32', '', '706 grams', '0', '20');
INSERT INTO "main"."PyCommerce_productspecifications" ("Id", "CategoryId", "ProductId", "SpecificationName", "SpecificationValue", "ShowInFilter", "SpecificationId") VALUES ('1251', '7', '32', '', 'Single SIM', '1', '21');
INSERT INTO "main"."PyCommerce_productspecifications" ("Id", "CategoryId", "ProductId", "SpecificationName", "SpecificationValue", "ShowInFilter", "SpecificationId") VALUES ('1252', '7', '32', '', '2G/3G', '0', '23');
INSERT INTO "main"."PyCommerce_productspecifications" ("Id", "CategoryId", "ProductId", "SpecificationName", "SpecificationValue", "ShowInFilter", "SpecificationId") VALUES ('1254', '7', '32', '', 'T3', '0', '25');
INSERT INTO "main"."PyCommerce_productspecifications" ("Id", "CategoryId", "ProductId", "SpecificationName", "SpecificationValue", "ShowInFilter", "SpecificationId") VALUES ('1255', '7', '32', '', '2724948039875', '0', '26');
INSERT INTO "main"."PyCommerce_productspecifications" ("Id", "CategoryId", "ProductId", "SpecificationName", "SpecificationValue", "ShowInFilter", "SpecificationId") VALUES ('1256', '7', '32', '', '2000 - 3000 milliampere_hour', '1', '27');
INSERT INTO "main"."PyCommerce_productspecifications" ("Id", "CategoryId", "ProductId", "SpecificationName", "SpecificationValue", "ShowInFilter", "SpecificationId") VALUES ('1257', '7', '32', '', 'No', '0', '28');
INSERT INTO "main"."PyCommerce_productspecifications" ("Id", "CategoryId", "ProductId", "SpecificationName", "SpecificationValue", "ShowInFilter", "SpecificationId") VALUES ('1258', '7', '32', '', '6291107094311', '0', '30');
INSERT INTO "main"."PyCommerce_productspecifications" ("Id", "CategoryId", "ProductId", "SpecificationName", "SpecificationValue", "ShowInFilter", "SpecificationId") VALUES ('1259', '7', '32', '', 'Less than 2 MP', '1', '31');
INSERT INTO "main"."PyCommerce_productspecifications" ("Id", "CategoryId", "ProductId", "SpecificationName", "SpecificationValue", "ShowInFilter", "SpecificationId") VALUES ('1260', '7', '32', '', '7 Inch', '1', '32');
INSERT INTO "main"."PyCommerce_productspecifications" ("Id", "CategoryId", "ProductId", "SpecificationName", "SpecificationValue", "ShowInFilter", "SpecificationId") VALUES ('1261', '7', '32', '', 'Silver', '1', '1');
INSERT INTO "main"."PyCommerce_productspecifications" ("Id", "CategoryId", "ProductId", "SpecificationName", "SpecificationValue", "ShowInFilter", "SpecificationId") VALUES ('1262', '7', '33', '', 'Sary', '1', '33');
INSERT INTO "main"."PyCommerce_productspecifications" ("Id", "CategoryId", "ProductId", "SpecificationName", "SpecificationValue", "ShowInFilter", "SpecificationId") VALUES ('1263', '7', '33', '', 'Windows', '1', '17');
INSERT INTO "main"."PyCommerce_productspecifications" ("Id", "CategoryId", "ProductId", "SpecificationName", "SpecificationValue", "ShowInFilter", "SpecificationId") VALUES ('1265', '7', '33', '', '32 GB', '1', '19');
INSERT INTO "main"."PyCommerce_productspecifications" ("Id", "CategoryId", "ProductId", "SpecificationName", "SpecificationValue", "ShowInFilter", "SpecificationId") VALUES ('1267', '7', '33', '', 'Without SIM', '1', '21');
INSERT INTO "main"."PyCommerce_productspecifications" ("Id", "CategoryId", "ProductId", "SpecificationName", "SpecificationValue", "ShowInFilter", "SpecificationId") VALUES ('1268', '7', '33', '', 'No', '0', '23');
INSERT INTO "main"."PyCommerce_productspecifications" ("Id", "CategoryId", "ProductId", "SpecificationName", "SpecificationValue", "ShowInFilter", "SpecificationId") VALUES ('1269', '7', '33', '', 'Tab 2', '0', '25');
INSERT INTO "main"."PyCommerce_productspecifications" ("Id", "CategoryId", "ProductId", "SpecificationName", "SpecificationValue", "ShowInFilter", "SpecificationId") VALUES ('1270', '7', '33', '', '2724336767984', '0', '26');
INSERT INTO "main"."PyCommerce_productspecifications" ("Id", "CategoryId", "ProductId", "SpecificationName", "SpecificationValue", "ShowInFilter", "SpecificationId") VALUES ('1275', '7', '33', '', '10 Inch & Above', '1', '32');
INSERT INTO "main"."PyCommerce_productspecifications" ("Id", "CategoryId", "ProductId", "SpecificationName", "SpecificationValue", "ShowInFilter", "SpecificationId") VALUES ('1276', '7', '33', '', 'Black', '1', '1');
INSERT INTO "main"."PyCommerce_productspecifications" ("Id", "CategoryId", "ProductId", "SpecificationName", "SpecificationValue", "ShowInFilter", "SpecificationId") VALUES ('1277', '8', '34', '', 'LG', '1', '33');
INSERT INTO "main"."PyCommerce_productspecifications" ("Id", "CategoryId", "ProductId", "SpecificationName", "SpecificationValue", "ShowInFilter", "SpecificationId") VALUES ('1278', '8', '34', '', 'Smart TV', '1', '34');
INSERT INTO "main"."PyCommerce_productspecifications" ("Id", "CategoryId", "ProductId", "SpecificationName", "SpecificationValue", "ShowInFilter", "SpecificationId") VALUES ('1279', '8', '34', '', 'Yes', '0', '35');
INSERT INTO "main"."PyCommerce_productspecifications" ("Id", "CategoryId", "ProductId", "SpecificationName", "SpecificationValue", "ShowInFilter", "SpecificationId") VALUES ('1280', '8', '34', '', '25 centimeters', '0', '18');
INSERT INTO "main"."PyCommerce_productspecifications" ("Id", "CategoryId", "ProductId", "SpecificationName", "SpecificationValue", "ShowInFilter", "SpecificationId") VALUES ('1281', '8', '34', '', 'Full HD', '1', '36');
INSERT INTO "main"."PyCommerce_productspecifications" ("Id", "CategoryId", "ProductId", "SpecificationName", "SpecificationValue", "ShowInFilter", "SpecificationId") VALUES ('1282', '8', '34', '', '1920x1080', '1', '37');
INSERT INTO "main"."PyCommerce_productspecifications" ("Id", "CategoryId", "ProductId", "SpecificationName", "SpecificationValue", "ShowInFilter", "SpecificationId") VALUES ('1283', '8', '34', '', 'LED', '1', '38');
INSERT INTO "main"."PyCommerce_productspecifications" ("Id", "CategoryId", "ProductId", "SpecificationName", "SpecificationValue", "ShowInFilter", "SpecificationId") VALUES ('1284', '8', '34', '', '43LK5730', '0', '25');
INSERT INTO "main"."PyCommerce_productspecifications" ("Id", "CategoryId", "ProductId", "SpecificationName", "SpecificationValue", "ShowInFilter", "SpecificationId") VALUES ('1285', '8', '34', '', '75 centimeters', '0', '7');
INSERT INTO "main"."PyCommerce_productspecifications" ("Id", "CategoryId", "ProductId", "SpecificationName", "SpecificationValue", "ShowInFilter", "SpecificationId") VALUES ('1286', '8', '34', '', '65 centimeters', '0', '8');
INSERT INTO "main"."PyCommerce_productspecifications" ("Id", "CategoryId", "ProductId", "SpecificationName", "SpecificationValue", "ShowInFilter", "SpecificationId") VALUES ('1287', '8', '34', '', '2724623354057', '0', '26');
INSERT INTO "main"."PyCommerce_productspecifications" ("Id", "CategoryId", "ProductId", "SpecificationName", "SpecificationValue", "ShowInFilter", "SpecificationId") VALUES ('1288', '8', '34', '', '43 Inch', '1', '32');
INSERT INTO "main"."PyCommerce_productspecifications" ("Id", "CategoryId", "ProductId", "SpecificationName", "SpecificationValue", "ShowInFilter", "SpecificationId") VALUES ('1289', '8', '34', '', 'Black', '1', '1');
INSERT INTO "main"."PyCommerce_productspecifications" ("Id", "CategoryId", "ProductId", "SpecificationName", "SpecificationValue", "ShowInFilter", "SpecificationId") VALUES ('1290', '8', '35', '', 'Samsung', '1', '33');
INSERT INTO "main"."PyCommerce_productspecifications" ("Id", "CategoryId", "ProductId", "SpecificationName", "SpecificationValue", "ShowInFilter", "SpecificationId") VALUES ('1291', '8', '35', '', 'Smart TV', '1', '34');
INSERT INTO "main"."PyCommerce_productspecifications" ("Id", "CategoryId", "ProductId", "SpecificationName", "SpecificationValue", "ShowInFilter", "SpecificationId") VALUES ('1292', '8', '35', '', 'Yes', '0', '35');
INSERT INTO "main"."PyCommerce_productspecifications" ("Id", "CategoryId", "ProductId", "SpecificationName", "SpecificationValue", "ShowInFilter", "SpecificationId") VALUES ('1293', '8', '35', '', '15 centimeters', '0', '18');
INSERT INTO "main"."PyCommerce_productspecifications" ("Id", "CategoryId", "ProductId", "SpecificationName", "SpecificationValue", "ShowInFilter", "SpecificationId") VALUES ('1294', '8', '35', '', 'Full HD', '1', '36');
INSERT INTO "main"."PyCommerce_productspecifications" ("Id", "CategoryId", "ProductId", "SpecificationName", "SpecificationValue", "ShowInFilter", "SpecificationId") VALUES ('1295', '8', '35', '', '1920x1080', '1', '37');
INSERT INTO "main"."PyCommerce_productspecifications" ("Id", "CategoryId", "ProductId", "SpecificationName", "SpecificationValue", "ShowInFilter", "SpecificationId") VALUES ('1296', '8', '35', '', 'LED', '1', '38');
INSERT INTO "main"."PyCommerce_productspecifications" ("Id", "CategoryId", "ProductId", "SpecificationName", "SpecificationValue", "ShowInFilter", "SpecificationId") VALUES ('1297', '8', '35', '', 'UA40T5300AUXEG', '0', '25');
INSERT INTO "main"."PyCommerce_productspecifications" ("Id", "CategoryId", "ProductId", "SpecificationName", "SpecificationValue", "ShowInFilter", "SpecificationId") VALUES ('1298', '8', '35', '', '120 centimeters', '0', '7');
INSERT INTO "main"."PyCommerce_productspecifications" ("Id", "CategoryId", "ProductId", "SpecificationName", "SpecificationValue", "ShowInFilter", "SpecificationId") VALUES ('1299', '8', '35', '', '60 centimeters', '0', '8');
INSERT INTO "main"."PyCommerce_productspecifications" ("Id", "CategoryId", "ProductId", "SpecificationName", "SpecificationValue", "ShowInFilter", "SpecificationId") VALUES ('1300', '8', '35', '', '2725539753897', '0', '26');
INSERT INTO "main"."PyCommerce_productspecifications" ("Id", "CategoryId", "ProductId", "SpecificationName", "SpecificationValue", "ShowInFilter", "SpecificationId") VALUES ('1301', '8', '35', '', '40 Inch', '1', '32');
INSERT INTO "main"."PyCommerce_productspecifications" ("Id", "CategoryId", "ProductId", "SpecificationName", "SpecificationValue", "ShowInFilter", "SpecificationId") VALUES ('1302', '8', '35', '', 'Black', '1', '1');
INSERT INTO "main"."PyCommerce_productspecifications" ("Id", "CategoryId", "ProductId", "SpecificationName", "SpecificationValue", "ShowInFilter", "SpecificationId") VALUES ('1303', '8', '35', '', '25000 grams', '0', '20');
INSERT INTO "main"."PyCommerce_productspecifications" ("Id", "CategoryId", "ProductId", "SpecificationName", "SpecificationValue", "ShowInFilter", "SpecificationId") VALUES ('1304', '8', '34', '', '25000 grams', '0', '20');
INSERT INTO "main"."PyCommerce_productspecifications" ("Id", "CategoryId", "ProductId", "SpecificationName", "SpecificationValue", "ShowInFilter", "SpecificationId") VALUES ('1305', '8', '36', '', 'Jac', '1', '33');
INSERT INTO "main"."PyCommerce_productspecifications" ("Id", "CategoryId", "ProductId", "SpecificationName", "SpecificationValue", "ShowInFilter", "SpecificationId") VALUES ('1306', '8', '36', '', 'Standard TV', '1', '34');
INSERT INTO "main"."PyCommerce_productspecifications" ("Id", "CategoryId", "ProductId", "SpecificationName", "SpecificationValue", "ShowInFilter", "SpecificationId") VALUES ('1307', '8', '36', '', 'Yes', '0', '35');
INSERT INTO "main"."PyCommerce_productspecifications" ("Id", "CategoryId", "ProductId", "SpecificationName", "SpecificationValue", "ShowInFilter", "SpecificationId") VALUES ('1308', '8', '36', '', '14 centimeters
', '0', '18');
INSERT INTO "main"."PyCommerce_productspecifications" ("Id", "CategoryId", "ProductId", "SpecificationName", "SpecificationValue", "ShowInFilter", "SpecificationId") VALUES ('1309', '8', '36', '', 'Full HD', '1', '36');
INSERT INTO "main"."PyCommerce_productspecifications" ("Id", "CategoryId", "ProductId", "SpecificationName", "SpecificationValue", "ShowInFilter", "SpecificationId") VALUES ('1310', '8', '36', '', '1920x1080', '1', '37');
INSERT INTO "main"."PyCommerce_productspecifications" ("Id", "CategoryId", "ProductId", "SpecificationName", "SpecificationValue", "ShowInFilter", "SpecificationId") VALUES ('1311', '8', '36', '', 'LED', '1', '38');
INSERT INTO "main"."PyCommerce_productspecifications" ("Id", "CategoryId", "ProductId", "SpecificationName", "SpecificationValue", "ShowInFilter", "SpecificationId") VALUES ('1312', '8', '36', '', '43P', '0', '25');
INSERT INTO "main"."PyCommerce_productspecifications" ("Id", "CategoryId", "ProductId", "SpecificationName", "SpecificationValue", "ShowInFilter", "SpecificationId") VALUES ('1313', '8', '36', '', '66 centimeters
', '0', '7');
INSERT INTO "main"."PyCommerce_productspecifications" ("Id", "CategoryId", "ProductId", "SpecificationName", "SpecificationValue", "ShowInFilter", "SpecificationId") VALUES ('1314', '8', '36', '', '102 centimeters', '0', '8');
INSERT INTO "main"."PyCommerce_productspecifications" ("Id", "CategoryId", "ProductId", "SpecificationName", "SpecificationValue", "ShowInFilter", "SpecificationId") VALUES ('1315', '8', '36', '', '2725450334342', '0', '26');
INSERT INTO "main"."PyCommerce_productspecifications" ("Id", "CategoryId", "ProductId", "SpecificationName", "SpecificationValue", "ShowInFilter", "SpecificationId") VALUES ('1316', '8', '36', '', '40 Inch', '1', '32');
INSERT INTO "main"."PyCommerce_productspecifications" ("Id", "CategoryId", "ProductId", "SpecificationName", "SpecificationValue", "ShowInFilter", "SpecificationId") VALUES ('1317', '8', '36', '', 'Black', '1', '1');
INSERT INTO "main"."PyCommerce_productspecifications" ("Id", "CategoryId", "ProductId", "SpecificationName", "SpecificationValue", "ShowInFilter", "SpecificationId") VALUES ('1318', '8', '36', '', '12000 grams', '0', '20');
INSERT INTO "main"."PyCommerce_productspecifications" ("Id", "CategoryId", "ProductId", "SpecificationName", "SpecificationValue", "ShowInFilter", "SpecificationId") VALUES ('2155', '1102', '1021', '', 'Aeropostale', '1', '33');
INSERT INTO "main"."PyCommerce_productspecifications" ("Id", "CategoryId", "ProductId", "SpecificationName", "SpecificationValue", "ShowInFilter", "SpecificationId") VALUES ('2156', '1102', '1021', '', ': T-Shirt', '1', '34');
INSERT INTO "main"."PyCommerce_productspecifications" ("Id", "CategoryId", "ProductId", "SpecificationName", "SpecificationValue", "ShowInFilter", "SpecificationId") VALUES ('2157', '1102', '1021', '', 'Mixed Materials', '1', '35');
INSERT INTO "main"."PyCommerce_productspecifications" ("Id", "CategoryId", "ProductId", "SpecificationName", "SpecificationValue", "ShowInFilter", "SpecificationId") VALUES ('2158', '1102', '1021', '', 'M', '1', '36');
INSERT INTO "main"."PyCommerce_productspecifications" ("Id", "CategoryId", "ProductId", "SpecificationName", "SpecificationValue", "ShowInFilter", "SpecificationId") VALUES ('2159', '1102', '1022', '', 'New Bor', '1', '33');
INSERT INTO "main"."PyCommerce_productspecifications" ("Id", "CategoryId", "ProductId", "SpecificationName", "SpecificationValue", "ShowInFilter", "SpecificationId") VALUES ('2160', '1102', '1022', '', 'Round neck', '1', '34');
INSERT INTO "main"."PyCommerce_productspecifications" ("Id", "CategoryId", "ProductId", "SpecificationName", "SpecificationValue", "ShowInFilter", "SpecificationId") VALUES ('2161', '1102', '1022', '', 'Raw trims', '1', '35');
INSERT INTO "main"."PyCommerce_productspecifications" ("Id", "CategoryId", "ProductId", "SpecificationName", "SpecificationValue", "ShowInFilter", "SpecificationId") VALUES ('2162', '1102', '1022', '', 'Slim fit', '1', '36');
INSERT INTO "main"."PyCommerce_productspecifications" ("Id", "CategoryId", "ProductId", "SpecificationName", "SpecificationValue", "ShowInFilter", "SpecificationId") VALUES ('2163', '1102', '1023', '', 'New Bor', '1', '33');
INSERT INTO "main"."PyCommerce_productspecifications" ("Id", "CategoryId", "ProductId", "SpecificationName", "SpecificationValue", "ShowInFilter", "SpecificationId") VALUES ('2164', '1102', '1023', '', 'Shirt', '1', '34');
INSERT INTO "main"."PyCommerce_productspecifications" ("Id", "CategoryId", "ProductId", "SpecificationName", "SpecificationValue", "ShowInFilter", "SpecificationId") VALUES ('2165', '1102', '1023', '', 'Cotto', '1', '35');
INSERT INTO "main"."PyCommerce_productspecifications" ("Id", "CategoryId", "ProductId", "SpecificationName", "SpecificationValue", "ShowInFilter", "SpecificationId") VALUES ('2166', '1102', '1023', '', 'XL', '1', '36');
INSERT INTO "main"."PyCommerce_productspecifications" ("Id", "CategoryId", "ProductId", "SpecificationName", "SpecificationValue", "ShowInFilter", "SpecificationId") VALUES ('2167', '1102', '1024', '', 'New Bor', '1', '33');
INSERT INTO "main"."PyCommerce_productspecifications" ("Id", "CategoryId", "ProductId", "SpecificationName", "SpecificationValue", "ShowInFilter", "SpecificationId") VALUES ('2168', '1102', '1024', '', 'Shirt', '1', '34');
INSERT INTO "main"."PyCommerce_productspecifications" ("Id", "CategoryId", "ProductId", "SpecificationName", "SpecificationValue", "ShowInFilter", "SpecificationId") VALUES ('2169', '1102', '1024', '', 'Cotto', '1', '35');
INSERT INTO "main"."PyCommerce_productspecifications" ("Id", "CategoryId", "ProductId", "SpecificationName", "SpecificationValue", "ShowInFilter", "SpecificationId") VALUES ('2170', '1102', '1024', '', 'XL', '1', '36');
INSERT INTO "main"."PyCommerce_productspecifications" ("Id", "CategoryId", "ProductId", "SpecificationName", "SpecificationValue", "ShowInFilter", "SpecificationId") VALUES ('2171', '1035', '1032', '', 'YaFex', '1', '33');
INSERT INTO "main"."PyCommerce_productspecifications" ("Id", "CategoryId", "ProductId", "SpecificationName", "SpecificationValue", "ShowInFilter", "SpecificationId") VALUES ('2172', '1035', '1032', '', '6 centimeters', '0', '33');
INSERT INTO "main"."PyCommerce_productspecifications" ("Id", "CategoryId", "ProductId", "SpecificationName", "SpecificationValue", "ShowInFilter", "SpecificationId") VALUES ('2173', '1035', '1032', '', '180 grams', '0', '16');
INSERT INTO "main"."PyCommerce_productspecifications" ("Id", "CategoryId", "ProductId", "SpecificationName", "SpecificationValue", "ShowInFilter", "SpecificationId") VALUES ('2174', '1035', '1032', '', 'Tripod', '1', '1035');
INSERT INTO "main"."PyCommerce_productspecifications" ("Id", "CategoryId", "ProductId", "SpecificationName", "SpecificationValue", "ShowInFilter", "SpecificationId") VALUES ('2175', '6', '13', '', 'Lenovo', '', '33');
INSERT INTO "main"."PyCommerce_productspecifications" ("Id", "CategoryId", "ProductId", "SpecificationName", "SpecificationValue", "ShowInFilter", "SpecificationId") VALUES ('2176', '6', '13', '', 'android 7', '', '17');
INSERT INTO "main"."PyCommerce_productspecifications" ("Id", "CategoryId", "ProductId", "SpecificationName", "SpecificationValue", "ShowInFilter", "SpecificationId") VALUES ('2177', '6', '13', '', '7 inches', '', '32');
INSERT INTO "main"."PyCommerce_productspecifications" ("Id", "CategoryId", "ProductId", "SpecificationName", "SpecificationValue", "ShowInFilter", "SpecificationId") VALUES ('2178', '6', '13', '', '2', '', '21');
INSERT INTO "main"."PyCommerce_productspecifications" ("Id", "CategoryId", "ProductId", "SpecificationName", "SpecificationValue", "ShowInFilter", "SpecificationId") VALUES ('2179', '6', '13', '', '32 GB', '', '19');
INSERT INTO "main"."PyCommerce_productspecifications" ("Id", "CategoryId", "ProductId", "SpecificationName", "SpecificationValue", "ShowInFilter", "SpecificationId") VALUES ('2180', '6', '13', '', '16 PX', '', '31');
INSERT INTO "main"."PyCommerce_productspecifications" ("Id", "CategoryId", "ProductId", "SpecificationName", "SpecificationValue", "ShowInFilter", "SpecificationId") VALUES ('2181', '6', '13', '', '4000 mph', '', '27');
INSERT INTO "main"."PyCommerce_productspecifications" ("Id", "CategoryId", "ProductId", "SpecificationName", "SpecificationValue", "ShowInFilter", "SpecificationId") VALUES ('2182', '6', '13', '', '1352495265004', '', '25');

INSERT INTO "main"."PyCommerce_productstoreratings" ("Id", "ProductId", "StoreId", "RatingId", "ProductReview", "UserId") VALUES ('1', '1', '17', '4', 'Nice Product', '13');
INSERT INTO "main"."PyCommerce_productstoreratings" ("Id", "ProductId", "StoreId", "RatingId", "ProductReview", "UserId") VALUES ('2', '2', '17', '5', 'Perfect Product', '13');
INSERT INTO "main"."PyCommerce_productstoreratings" ("Id", "ProductId", "StoreId", "RatingId", "ProductReview", "UserId") VALUES ('3', '1', '17', '3', 'Good product', '6');
INSERT INTO "main"."PyCommerce_productstoreratings" ("Id", "ProductId", "StoreId", "RatingId", "ProductReview", "UserId") VALUES ('4', '1', '17', '4', '', '1');
INSERT INTO "main"."PyCommerce_productstoreratings" ("Id", "ProductId", "StoreId", "RatingId", "ProductReview", "UserId") VALUES ('5', '2', '17', '5', 'Nice Product', '1');
INSERT INTO "main"."PyCommerce_productstoreratings" ("Id", "ProductId", "StoreId", "RatingId", "ProductReview", "UserId") VALUES ('6', '3', '17', '4', 'Good Product', '1');
INSERT INTO "main"."PyCommerce_productstoreratings" ("Id", "ProductId", "StoreId", "RatingId", "ProductReview", "UserId") VALUES ('7', '4', '17', '4', 'Great Product', '1');
INSERT INTO "main"."PyCommerce_productstoreratings" ("Id", "ProductId", "StoreId", "RatingId", "ProductReview", "UserId") VALUES ('8', '5', '17', '3', 'Nice Product', '1');
INSERT INTO "main"."PyCommerce_productstoreratings" ("Id", "ProductId", "StoreId", "RatingId", "ProductReview", "UserId") VALUES ('9', '5', '17', '5', 'Great Product', '13');
INSERT INTO "main"."PyCommerce_productstoreratings" ("Id", "ProductId", "StoreId", "RatingId", "ProductReview", "UserId") VALUES ('1002', '2', '23', '5', 'Very good', '6');
INSERT INTO "main"."PyCommerce_productstoreratings" ("Id", "ProductId", "StoreId", "RatingId", "ProductReview", "UserId") VALUES ('1003', '2', '23', '2', 'Good', '1');
INSERT INTO "main"."PyCommerce_productstoreratings" ("Id", "ProductId", "StoreId", "RatingId", "ProductReview", "UserId") VALUES ('1004', '1', '23', '5', 'Great and good value for money', '1');
INSERT INTO "main"."PyCommerce_productstoreratings" ("Id", "ProductId", "StoreId", "RatingId", "ProductReview", "UserId") VALUES ('1005', '6', '17', '5', '', '1');
INSERT INTO "main"."PyCommerce_productstoreratings" ("Id", "ProductId", "StoreId", "RatingId", "ProductReview", "UserId") VALUES ('1006', '7', '17', '4', '', '1');
INSERT INTO "main"."PyCommerce_productstoreratings" ("Id", "ProductId", "StoreId", "RatingId", "ProductReview", "UserId") VALUES ('1007', '8', '17', '4', 'Very good', '1');
INSERT INTO "main"."PyCommerce_productstoreratings" ("Id", "ProductId", "StoreId", "RatingId", "ProductReview", "UserId") VALUES ('1008', '13', '17', '5', 'Great product and very good value for money', '1');
INSERT INTO "main"."PyCommerce_productstoreratings" ("Id", "ProductId", "StoreId", "RatingId", "ProductReview", "UserId") VALUES ('1009', '19', '23', '5', 'So Great !', '1');
INSERT INTO "main"."PyCommerce_productstoreratings" ("Id", "ProductId", "StoreId", "RatingId", "ProductReview", "UserId") VALUES ('1010', '25', '23', '5', 'Great !', '6');
INSERT INTO "main"."PyCommerce_productstoreratings" ("Id", "ProductId", "StoreId", "RatingId", "ProductReview", "UserId") VALUES ('1011', '19', '17', '3', 'Good', '1');
INSERT INTO "main"."PyCommerce_productstoreratings" ("Id", "ProductId", "StoreId", "RatingId", "ProductReview", "UserId") VALUES ('1012', '9', '17', '5', 'Good product', '6');
INSERT INTO "main"."PyCommerce_productstoreratings" ("Id", "ProductId", "StoreId", "RatingId", "ProductReview", "UserId") VALUES ('1013', '9', '23', '3', 'Very good', '6');
INSERT INTO "main"."PyCommerce_productstoreratings" ("Id", "ProductId", "StoreId", "RatingId", "ProductReview", "UserId") VALUES ('1014', '19', '25', '3', 'Good product !', '6');
INSERT INTO "main"."PyCommerce_productstoreratings" ("Id", "ProductId", "StoreId", "RatingId", "ProductReview", "UserId") VALUES ('1015', '19', '17', '4', 'Very good product', '6');
INSERT INTO "main"."PyCommerce_productstoreratings" ("Id", "ProductId", "StoreId", "RatingId", "ProductReview", "UserId") VALUES ('1016', '7', '23', '4', 'Great', '6');
INSERT INTO "main"."PyCommerce_productstoreratings" ("Id", "ProductId", "StoreId", "RatingId", "ProductReview", "UserId") VALUES ('1017', '1022', '17', '3', 'Good', '6');
INSERT INTO "main"."PyCommerce_productstoreratings" ("Id", "ProductId", "StoreId", "RatingId", "ProductReview", "UserId") VALUES ('1018', '1032', '17', '3', 'Good', '6');
INSERT INTO "main"."PyCommerce_productstoreratings" ("Id", "ProductId", "StoreId", "RatingId", "ProductReview", "UserId") VALUES ('1019', '29', '17', '5', '', '1');
INSERT INTO "main"."PyCommerce_productstoreratings" ("Id", "ProductId", "StoreId", "RatingId", "ProductReview", "UserId") VALUES ('1020', '10', '17', '5', '', '6');
INSERT INTO "main"."PyCommerce_productstoreratings" ("Id", "ProductId", "StoreId", "RatingId", "ProductReview", "UserId") VALUES ('1021', '17', '17', '4', '', '6');
INSERT INTO "main"."PyCommerce_productstoreratings" ("Id", "ProductId", "StoreId", "RatingId", "ProductReview", "UserId") VALUES ('1022', '17', '23', '3', 'Good product', '6');
INSERT INTO "main"."PyCommerce_productstoreratings" ("Id", "ProductId", "StoreId", "RatingId", "ProductReview", "UserId") VALUES ('1023', '34', '17', '5', 'Great product', '6');
INSERT INTO "main"."PyCommerce_productstoreratings" ("Id", "ProductId", "StoreId", "RatingId", "ProductReview", "UserId") VALUES ('1024', '9', '23', '5', 'Good product', '6');
INSERT INTO "main"."PyCommerce_productstoreratings" ("Id", "ProductId", "StoreId", "RatingId", "ProductReview", "UserId") VALUES ('1025', '9', '17', '5', '', '28');
INSERT INTO "main"."PyCommerce_productstoreratings" ("Id", "ProductId", "StoreId", "RatingId", "ProductReview", "UserId") VALUES ('1026', '1', '17', '1', 'bad', '28');
INSERT INTO "main"."PyCommerce_productstoreratings" ("Id", "ProductId", "StoreId", "RatingId", "ProductReview", "UserId") VALUES ('1027', '6', '17', '4', 'Good product', '28');
INSERT INTO "main"."PyCommerce_productstoreratings" ("Id", "ProductId", "StoreId", "RatingId", "ProductReview", "UserId") VALUES ('1028', '35', '17', '5', 'Great', '6');
INSERT INTO "main"."PyCommerce_productstoreratings" ("Id", "ProductId", "StoreId", "RatingId", "ProductReview", "UserId") VALUES ('1029', '2', '17', '4', 'Nice product', '28');
INSERT INTO "main"."PyCommerce_productstoreratings" ("Id", "ProductId", "StoreId", "RatingId", "ProductReview", "UserId") VALUES ('1030', '13', '17', '4', 'Very good', '6');
INSERT INTO "main"."PyCommerce_productstoreratings" ("Id", "ProductId", "StoreId", "RatingId", "ProductReview", "UserId") VALUES ('1031', '1030', '17', '4', 'Very good', '6');
INSERT INTO "main"."PyCommerce_productstoreratings" ("Id", "ProductId", "StoreId", "RatingId", "ProductReview", "UserId") VALUES ('1032', '1108', '17', '5', 'Excellent', '6');
INSERT INTO "main"."PyCommerce_productstoreratings" ("Id", "ProductId", "StoreId", "RatingId", "ProductReview", "UserId") VALUES ('1033', '13', '17', '5', '', '28');
INSERT INTO "main"."PyCommerce_productstoreratings" ("Id", "ProductId", "StoreId", "RatingId", "ProductReview", "UserId") VALUES ('1034', '34', '23', '5', '', '6');


INSERT INTO "main"."PyCommerce_shippingagents" ("Id", "NameA", "Adress1", "Adress2", "Phone", "Email", "Password", "PostCode", "NameL") VALUES ('1', 'عبدالله', '123 address', '456 address', '123456789', 'abdullahmohamedezzat@gmail.com', '12345', '', 'AbdullahForShipping');
INSERT INTO "main"."PyCommerce_shippingagents" ("Id", "NameA", "Adress1", "Adress2", "Phone", "Email", "Password", "PostCode", "NameL") VALUES ('4', 'محمد', '456 address', '789 address', '968423513', 'mohamedezzatnada@gmail.com', '123', '', 'Mohamed For Shipping');

INSERT INTO "main"."PyCommerce_shippingagentusers" ("Id", "ShippingAgentId", "UserId") VALUES ('1', '1', '1');
INSERT INTO "main"."PyCommerce_shippingagentusers" ("Id", "ShippingAgentId", "UserId") VALUES ('2', '4', '6');
INSERT INTO "main"."PyCommerce_shippingagentusers" ("Id", "ShippingAgentId", "UserId") VALUES ('3', '4', '13');
INSERT INTO "main"."PyCommerce_shippingagentusers" ("Id", "ShippingAgentId", "UserId") VALUES ('4', '1', '28');

INSERT INTO "main"."PyCommerce_shippingdetails" ("Id", "OrderId", "DeliveryNotes", "ShippingAgentId") VALUES ('1', '2074', 'Delivered', '1');
INSERT INTO "main"."PyCommerce_shippingdetails" ("Id", "OrderId", "DeliveryNotes", "ShippingAgentId") VALUES ('2', '2075', 'Delivered 1', '1');
INSERT INTO "main"."PyCommerce_shippingdetails" ("Id", "OrderId", "DeliveryNotes", "ShippingAgentId") VALUES ('3', '2064', 'Delivery note for Xiami Redmi', '1');
INSERT INTO "main"."PyCommerce_shippingdetails" ("Id", "OrderId", "DeliveryNotes", "ShippingAgentId") VALUES ('4', '2064', 'Second Delivery note for Xiami Redmi', '1');
INSERT INTO "main"."PyCommerce_shippingdetails" ("Id", "OrderId", "DeliveryNotes", "ShippingAgentId") VALUES ('5', '2065', 'Delivery note for Asus', '1');
INSERT INTO "main"."PyCommerce_shippingdetails" ("Id", "OrderId", "DeliveryNotes", "ShippingAgentId") VALUES ('6', '2081', 'I picked up the product at 10:35 pm', '1');
INSERT INTO "main"."PyCommerce_shippingdetails" ("Id", "OrderId", "DeliveryNotes", "ShippingAgentId") VALUES ('7', '2080', 'Picked up at 30/06/202010:59', '1');
INSERT INTO "main"."PyCommerce_shippingdetails" ("Id", "OrderId", "DeliveryNotes", "ShippingAgentId") VALUES ('8', '2080', 'Traffic is very crowded', '1');
INSERT INTO "main"."PyCommerce_shippingdetails" ("Id", "OrderId", "DeliveryNotes", "ShippingAgentId") VALUES ('10', '2084', 'On My way', '4');
INSERT INTO "main"."PyCommerce_shippingdetails" ("Id", "OrderId", "DeliveryNotes", "ShippingAgentId") VALUES ('11', '2097', 'On My Way', '4');
INSERT INTO "main"."PyCommerce_shippingdetails" ("Id", "OrderId", "DeliveryNotes", "ShippingAgentId") VALUES ('12', '2084', 'On My Way', '4');
INSERT INTO "main"."PyCommerce_shippingdetails" ("Id", "OrderId", "DeliveryNotes", "ShippingAgentId") VALUES ('13', '2084', 'On My Way', '4');
INSERT INTO "main"."PyCommerce_shippingdetails" ("Id", "OrderId", "DeliveryNotes", "ShippingAgentId") VALUES ('14', '2084', 'On My Way', '4');
INSERT INTO "main"."PyCommerce_shippingdetails" ("Id", "OrderId", "DeliveryNotes", "ShippingAgentId") VALUES ('15', '2084', 'Coming ISA', '4');
INSERT INTO "main"."PyCommerce_shippingdetails" ("Id", "OrderId", "DeliveryNotes", "ShippingAgentId") VALUES ('16', '2098', 'Picked up', '4');
INSERT INTO "main"."PyCommerce_shippingdetails" ("Id", "OrderId", "DeliveryNotes", "ShippingAgentId") VALUES ('17', '2107', 'Picked up', '1');
INSERT INTO "main"."PyCommerce_shippingdetails" ("Id", "OrderId", "DeliveryNotes", "ShippingAgentId") VALUES ('19', '2083', 'I''m Coming Soo', '1');
INSERT INTO "main"."PyCommerce_shippingdetails" ("Id", "OrderId", "DeliveryNotes", "ShippingAgentId") VALUES ('20', '2083', 'I''m Coming Up Stairs', '1');
INSERT INTO "main"."PyCommerce_shippingdetails" ("Id", "OrderId", "DeliveryNotes", "ShippingAgentId") VALUES ('21', '2083', 'I''m Coming in 10 Second', '1');
INSERT INTO "main"."PyCommerce_shippingdetails" ("Id", "OrderId", "DeliveryNotes", "ShippingAgentId") VALUES ('22', '2110', 'Picked up', '4');
INSERT INTO "main"."PyCommerce_shippingdetails" ("Id", "OrderId", "DeliveryNotes", "ShippingAgentId") VALUES ('25', '2094', 'Comming ', '4');
INSERT INTO "main"."PyCommerce_shippingdetails" ("Id", "OrderId", "DeliveryNotes", "ShippingAgentId") VALUES ('1026', '2092', 'Delivered', '1');
INSERT INTO "main"."PyCommerce_shippingdetails" ("Id", "OrderId", "DeliveryNotes", "ShippingAgentId") VALUES ('1027', '3138', 'I''m coming in my way', '1');
INSERT INTO "main"."PyCommerce_shippingdetails" ("Id", "OrderId", "DeliveryNotes", "ShippingAgentId") VALUES ('1028', '3151', 'Coming', '1');
INSERT INTO "main"."PyCommerce_shippingdetails" ("Id", "OrderId", "DeliveryNotes", "ShippingAgentId") VALUES ('1029', '3151', 'Coming', '1');
INSERT INTO "main"."PyCommerce_shippingdetails" ("Id", "OrderId", "DeliveryNotes", "ShippingAgentId") VALUES ('1030', '2093', 'Delivered', '1');

INSERT INTO "main"."PyCommerce_specifications" ("Id", "NameA", "NameL", "ShowInFilter") VALUES ('1', 'Color', 'Color', '1');
INSERT INTO "main"."PyCommerce_specifications" ("Id", "NameA", "NameL", "ShowInFilter") VALUES ('2', 'Graphic Card', 'Graphic Card', '1');
INSERT INTO "main"."PyCommerce_specifications" ("Id", "NameA", "NameL", "ShowInFilter") VALUES ('3', 'Hard Disk Capacity', 'Hard Disk Capacity', '1');
INSERT INTO "main"."PyCommerce_specifications" ("Id", "NameA", "NameL", "ShowInFilter") VALUES ('4', 'Keyboard Languages', 'Keyboard Languages', '0');
INSERT INTO "main"."PyCommerce_specifications" ("Id", "NameA", "NameL", "ShowInFilter") VALUES ('5', 'Memory Technology', 'Memory Technology', '1');
INSERT INTO "main"."PyCommerce_specifications" ("Id", "NameA", "NameL", "ShowInFilter") VALUES ('6', 'Optical Drive Type', 'Optical Drive Type', '1');
INSERT INTO "main"."PyCommerce_specifications" ("Id", "NameA", "NameL", "ShowInFilter") VALUES ('7', 'Package height', 'Package height', '0');
INSERT INTO "main"."PyCommerce_specifications" ("Id", "NameA", "NameL", "ShowInFilter") VALUES ('8', 'Package Width', 'Package Width', '0');
INSERT INTO "main"."PyCommerce_specifications" ("Id", "NameA", "NameL", "ShowInFilter") VALUES ('9', 'Processor', 'Processor', '1');
INSERT INTO "main"."PyCommerce_specifications" ("Id", "NameA", "NameL", "ShowInFilter") VALUES ('10', 'RAM', 'RAM', '1');
INSERT INTO "main"."PyCommerce_specifications" ("Id", "NameA", "NameL", "ShowInFilter") VALUES ('11', 'RAM Type', 'RAM Type', '1');
INSERT INTO "main"."PyCommerce_specifications" ("Id", "NameA", "NameL", "ShowInFilter") VALUES ('12', 'Scree', 'Scree', '1');
INSERT INTO "main"."PyCommerce_specifications" ("Id", "NameA", "NameL", "ShowInFilter") VALUES ('13', 'Touch scree', 'Touch scree', '1');
INSERT INTO "main"."PyCommerce_specifications" ("Id", "NameA", "NameL", "ShowInFilter") VALUES ('14', 'Usage', 'Usage', '1');
INSERT INTO "main"."PyCommerce_specifications" ("Id", "NameA", "NameL", "ShowInFilter") VALUES ('15', 'USB', 'USB', '0');
INSERT INTO "main"."PyCommerce_specifications" ("Id", "NameA", "NameL", "ShowInFilter") VALUES ('16', 'Weight', 'Weight', '0');
INSERT INTO "main"."PyCommerce_specifications" ("Id", "NameA", "NameL", "ShowInFilter") VALUES ('17', 'Operating System Type', 'Operating System Type', '1');
INSERT INTO "main"."PyCommerce_specifications" ("Id", "NameA", "NameL", "ShowInFilter") VALUES ('18', 'Package thickness', 'Package thickness', '0');
INSERT INTO "main"."PyCommerce_specifications" ("Id", "NameA", "NameL", "ShowInFilter") VALUES ('19', 'Storage Capacity', 'Storage Capacity', '1');
INSERT INTO "main"."PyCommerce_specifications" ("Id", "NameA", "NameL", "ShowInFilter") VALUES ('20', 'Package weight in KGs', 'Package weight in KGs', '0');
INSERT INTO "main"."PyCommerce_specifications" ("Id", "NameA", "NameL", "ShowInFilter") VALUES ('21', 'Number Of SIM', 'Number Of SIM', '1');
INSERT INTO "main"."PyCommerce_specifications" ("Id", "NameA", "NameL", "ShowInFilter") VALUES ('22', 'Mobile Phone Type', 'Mobile Phone Type', '1');
INSERT INTO "main"."PyCommerce_specifications" ("Id", "NameA", "NameL", "ShowInFilter") VALUES ('23', 'Cellular Network Technology', 'Cellular Network Technology', '1');
INSERT INTO "main"."PyCommerce_specifications" ("Id", "NameA", "NameL", "ShowInFilter") VALUES ('24', 'Chipset manufacturer', 'Chipset manufacturer', '1');
INSERT INTO "main"."PyCommerce_specifications" ("Id", "NameA", "NameL", "ShowInFilter") VALUES ('25', 'Model Number', 'Model Number', '1');
INSERT INTO "main"."PyCommerce_specifications" ("Id", "NameA", "NameL", "ShowInFilter") VALUES ('26', 'EAN-13', 'EAN-13', '0');
INSERT INTO "main"."PyCommerce_specifications" ("Id", "NameA", "NameL", "ShowInFilter") VALUES ('27', 'Battery Capacity in mAh', 'Battery Capacity in mAh', '1');
INSERT INTO "main"."PyCommerce_specifications" ("Id", "NameA", "NameL", "ShowInFilter") VALUES ('28', 'Expirable', 'Expirable', '0');
INSERT INTO "main"."PyCommerce_specifications" ("Id", "NameA", "NameL", "ShowInFilter") VALUES ('29', 'External Product ID Type', 'External Product ID Type', '0');
INSERT INTO "main"."PyCommerce_specifications" ("Id", "NameA", "NameL", "ShowInFilter") VALUES ('30', 'External Product ID', 'External Product ID', '0');
INSERT INTO "main"."PyCommerce_specifications" ("Id", "NameA", "NameL", "ShowInFilter") VALUES ('31', 'Rear Camera Resolutio', 'Rear Camera Resolutio', '1');
INSERT INTO "main"."PyCommerce_specifications" ("Id", "NameA", "NameL", "ShowInFilter") VALUES ('32', 'Screen Size', 'Screen Size', '1');
INSERT INTO "main"."PyCommerce_specifications" ("Id", "NameA", "NameL", "ShowInFilter") VALUES ('33', 'Brand', 'Brand', '1');
INSERT INTO "main"."PyCommerce_specifications" ("Id", "NameA", "NameL", "ShowInFilter") VALUES ('34', 'TV Type', 'TV Type', '1');
INSERT INTO "main"."PyCommerce_specifications" ("Id", "NameA", "NameL", "ShowInFilter") VALUES ('35', 'Remote Control', 'Remote Control', '1');
INSERT INTO "main"."PyCommerce_specifications" ("Id", "NameA", "NameL", "ShowInFilter") VALUES ('36', 'HD Type', 'HD Type', '1');
INSERT INTO "main"."PyCommerce_specifications" ("Id", "NameA", "NameL", "ShowInFilter") VALUES ('37', 'Display Resolutio', 'Display Resolutio', '1');
INSERT INTO "main"."PyCommerce_specifications" ("Id", "NameA", "NameL", "ShowInFilter") VALUES ('38', 'Display Type', 'Display Type', '1');
INSERT INTO "main"."PyCommerce_specifications" ("Id", "NameA", "NameL", "ShowInFilter") VALUES ('1034', 'Size', 'Size', '1');
INSERT INTO "main"."PyCommerce_specifications" ("Id", "NameA", "NameL", "ShowInFilter") VALUES ('1035', 'Type', 'Type', '1');
INSERT INTO "main"."PyCommerce_specifications" ("Id", "NameA", "NameL", "ShowInFilter") VALUES ('1036', 'Material', 'Material', '1');
INSERT INTO "main"."PyCommerce_specifications" ("Id", "NameA", "NameL", "ShowInFilter") VALUES ('1037', 'Size', 'Size', '1');

INSERT INTO "main"."PyCommerce_stores" ("Id", "VendorId", "NameA", "NameL", "Address", "CountryId", "City", "MapLocation", "ShippingAgentId", "Latitude", "Longitude") VALUES ('17', '1', '', 'Abdullah Egypt', '', '1', '', '<iframe src="https://www.google.com/maps/embed?pb=!1m14!1m8!1m3!1d13810.97587654249!2d31.345742!3d30.0728726!3m2!1i1024!2i768!4f13.1!3m3!1m2!1s0x0%3A0xc1744516bae86a18!2z2LPZitiq2Yog2LPYqtin2LHYsg!5e0!3m2!1sar!2seg!4v1593635920985!5m2!1sar!2seg" width="600" height="450" frameborder="0" style="border:0;" allowfullscreen="" aria-hidden="false" tabindex="0"></iframe>', '1', '', '');
INSERT INTO "main"."PyCommerce_stores" ("Id", "VendorId", "NameA", "NameL", "Address", "CountryId", "City", "MapLocation", "ShippingAgentId", "Latitude", "Longitude") VALUES ('23', '1', '', 'Mohamed Store', '', '1', '', '<iframe src="https://www.google.com/maps/embed?pb=!1m14!1m8!1m3!1d13810.97587654249!2d31.345742!3d30.0728726!3m2!1i1024!2i768!4f13.1!3m3!1m2!1s0x0%3A0xc1744516bae86a18!2z2LPZitiq2Yog2LPYqtin2LHYsg!5e0!3m2!1sar!2seg!4v1593635920985!5m2!1sar!2seg" width="600" height="450" frameborder="0" style="border:0;" allowfullscreen="" aria-hidden="false" tabindex="0"></iframe>', '1', '', '');
INSERT INTO "main"."PyCommerce_stores" ("Id", "VendorId", "NameA", "NameL", "Address", "CountryId", "City", "MapLocation", "ShippingAgentId", "Latitude", "Longitude") VALUES ('25', '1', '', 'New Store', '', '1', '', '<iframe src="https://www.google.com/maps/embed?pb=!1m18!1m12!1m3!1d45143.82824591619!2d31.366970596689832!3d30.046785390896783!2m3!1f0!2f0!3f0!3m2!1i1024!2i768!4f13.1!3m3!1m2!1s0x14583fcabd8b0707%3A0x97d7303df95d1261!2sFashionista%20Skirts%20%26%20Dresses!5e0!3m2!1sar!2seg!4v1594582612382!5m2!1sar!2seg" width="600" height="450" frameborder="0" style="border:0;" allowfullscreen="" aria-hidden="false" tabindex="0"></iframe>', '1', '', '');
INSERT INTO "main"."PyCommerce_stores" ("Id", "VendorId", "NameA", "NameL", "Address", "CountryId", "City", "MapLocation", "ShippingAgentId", "Latitude", "Longitude") VALUES ('26', '1', '', 'New Store2', '', '1', '', '<iframe src="https://www.google.com/maps/embed?pb=!1m18!1m12!1m3!1d45143.82824591619!2d31.366970596689832!3d30.046785390896783!2m3!1f0!2f0!3f0!3m2!1i1024!2i768!4f13.1!3m3!1m2!1s0x14583fcabd8b0707%3A0x97d7303df95d1261!2sFashionista%20Skirts%20%26%20Dresses!5e0!3m2!1sar!2seg!4v1594582612382!5m2!1sar!2seg" width="600" height="450" frameborder="0" style="border:0;" allowfullscreen="" aria-hidden="false" tabindex="0"></iframe>', '1', '', '');
INSERT INTO "main"."PyCommerce_stores" ("Id", "VendorId", "NameA", "NameL", "Address", "CountryId", "City", "MapLocation", "ShippingAgentId", "Latitude", "Longitude") VALUES ('27', '1', '', 'New Store3', '', '1', '', '<iframe src="https://www.google.com/maps/embed?pb=!1m18!1m12!1m3!1d593.0379149145052!2d31.337736798037433!3d30.064669928028096!2m3!1f0!2f0!3f0!3m2!1i1024!2i768!4f13.1!3m3!1m2!1s0x0%3A0x3fdbd11e76ad5160!2z2LnYqNivINin2YTYsdit2YrZhSDZgtmI2YrYr9ix!5e0!3m2!1sar!2seg!4v1594653546940!5m2!1sar!2seg" width="600" height="450" frameborder="0" style="border:0;" allowfullscreen="" aria-hidden="false" tabindex="0"></iframe>', '1', '', '');
INSERT INTO "main"."PyCommerce_stores" ("Id", "VendorId", "NameA", "NameL", "Address", "CountryId", "City", "MapLocation", "ShippingAgentId", "Latitude", "Longitude") VALUES ('28', '1', '', 'New Store4', '', '1', '', '<iframe src="https://www.google.com/maps/embed?pb=!1m14!1m8!1m3!1d13810.97587654249!2d31.345742!3d30.0728726!3m2!1i1024!2i768!4f13.1!3m3!1m2!1s0x0%3A0xc1744516bae86a18!2z2LPZitiq2Yog2LPYqtin2LHYsg!5e0!3m2!1sar!2seg!4v1593635920985!5m2!1sar!2seg" width="600" height="450" frameborder="0" style="border:0;" allowfullscreen="" aria-hidden="false" tabindex="0"></iframe>', '1', '', '');

INSERT INTO "main"."PyCommerce_storeshippingagents" ("Id", "ShippingAgentId", "StoreId") VALUES ('1', '1', '23');
INSERT INTO "main"."PyCommerce_storeshippingagents" ("Id", "ShippingAgentId", "StoreId") VALUES ('2', '4', '23');
INSERT INTO "main"."PyCommerce_storeshippingagents" ("Id", "ShippingAgentId", "StoreId") VALUES ('3', '4', '25');
INSERT INTO "main"."PyCommerce_storeshippingagents" ("Id", "ShippingAgentId", "StoreId") VALUES ('4', '1', '26');
INSERT INTO "main"."PyCommerce_storeshippingagents" ("Id", "ShippingAgentId", "StoreId") VALUES ('5', '4', '27');
INSERT INTO "main"."PyCommerce_storeshippingagents" ("Id", "ShippingAgentId", "StoreId") VALUES ('6', '1', '28');

INSERT INTO "main"."PyCommerce_transactiontypes" ("Id", "Code", "NameA", "NameL") VALUES ('1', '1', 'استلام', 'Receipt');
INSERT INTO "main"."PyCommerce_transactiontypes" ("Id", "Code", "NameA", "NameL") VALUES ('2', '2', 'صرف', 'Issuance');

INSERT INTO "main"."PyCommerce_users" ("Id", "NameA", "NameL", "Email", "Password", "City") VALUES ('1', '', 'Abdullah Mohamed', 'abdullahmohamedezzat@gmail.com', '12345', 'Cairo');
INSERT INTO "main"."PyCommerce_users" ("Id", "NameA", "NameL", "Email", "Password", "City") VALUES ('6', '', 'MohamedEzzat', 'mohamedezzatnada@gmail.com', '123', 'New City');
INSERT INTO "main"."PyCommerce_users" ("Id", "NameA", "NameL", "Email", "Password", "City") VALUES ('13', '', 'MastergamingYT94', 'abdullahmohamedezzat21@gmail.com', '1234', 'Cairo');
INSERT INTO "main"."PyCommerce_users" ("Id", "NameA", "NameL", "Email", "Password", "City") VALUES ('28', '', 'Abdullah', 'abdullahmohamedezzat224@gmail.com', '123', 'Cairo');

INSERT INTO "main"."PyCommerce_vendorpricelists" ("Id", "ProductId", "CountryId", "Price", "VendorId") VALUES ('1', '1', '1', '10000.0', '1');
INSERT INTO "main"."PyCommerce_vendorpricelists" ("Id", "ProductId", "CountryId", "Price", "VendorId") VALUES ('2', '2', '1', '20000.0', '1');
INSERT INTO "main"."PyCommerce_vendorpricelists" ("Id", "ProductId", "CountryId", "Price", "VendorId") VALUES ('4', '3', '1', '10000.0', '1');
INSERT INTO "main"."PyCommerce_vendorpricelists" ("Id", "ProductId", "CountryId", "Price", "VendorId") VALUES ('6', '4', '1', '20000.0', '1');
INSERT INTO "main"."PyCommerce_vendorpricelists" ("Id", "ProductId", "CountryId", "Price", "VendorId") VALUES ('7', '5', '1', '20000.0', '1');
INSERT INTO "main"."PyCommerce_vendorpricelists" ("Id", "ProductId", "CountryId", "Price", "VendorId") VALUES ('8', '6', '1', '10000.0', '1');
INSERT INTO "main"."PyCommerce_vendorpricelists" ("Id", "ProductId", "CountryId", "Price", "VendorId") VALUES ('9', '7', '1', '10000.0', '1');
INSERT INTO "main"."PyCommerce_vendorpricelists" ("Id", "ProductId", "CountryId", "Price", "VendorId") VALUES ('10', '8', '1', '20000.0', '1');
INSERT INTO "main"."PyCommerce_vendorpricelists" ("Id", "ProductId", "CountryId", "Price", "VendorId") VALUES ('11', '9', '1', '20000.0', '1');
INSERT INTO "main"."PyCommerce_vendorpricelists" ("Id", "ProductId", "CountryId", "Price", "VendorId") VALUES ('12', '10', '1', '10000.0', '1');
INSERT INTO "main"."PyCommerce_vendorpricelists" ("Id", "ProductId", "CountryId", "Price", "VendorId") VALUES ('13', '11', '1', '10000.0', '1');
INSERT INTO "main"."PyCommerce_vendorpricelists" ("Id", "ProductId", "CountryId", "Price", "VendorId") VALUES ('14', '12', '1', '20000.0', '1');
INSERT INTO "main"."PyCommerce_vendorpricelists" ("Id", "ProductId", "CountryId", "Price", "VendorId") VALUES ('15', '13', '1', '10000.0', '1');
INSERT INTO "main"."PyCommerce_vendorpricelists" ("Id", "ProductId", "CountryId", "Price", "VendorId") VALUES ('16', '14', '1', '10000.0', '1');
INSERT INTO "main"."PyCommerce_vendorpricelists" ("Id", "ProductId", "CountryId", "Price", "VendorId") VALUES ('17', '15', '1', '20000.0', '1');
INSERT INTO "main"."PyCommerce_vendorpricelists" ("Id", "ProductId", "CountryId", "Price", "VendorId") VALUES ('18', '16', '1', '10000.0', '1');
INSERT INTO "main"."PyCommerce_vendorpricelists" ("Id", "ProductId", "CountryId", "Price", "VendorId") VALUES ('19', '17', '1', '8000.0', '1');
INSERT INTO "main"."PyCommerce_vendorpricelists" ("Id", "ProductId", "CountryId", "Price", "VendorId") VALUES ('20', '19', '1', '35000.0', '1');
INSERT INTO "main"."PyCommerce_vendorpricelists" ("Id", "ProductId", "CountryId", "Price", "VendorId") VALUES ('21', '23', '1', '644.0', '1');
INSERT INTO "main"."PyCommerce_vendorpricelists" ("Id", "ProductId", "CountryId", "Price", "VendorId") VALUES ('22', '22', '1', '399.0', '1');
INSERT INTO "main"."PyCommerce_vendorpricelists" ("Id", "ProductId", "CountryId", "Price", "VendorId") VALUES ('24', '20', '1', '366.0', '1');
INSERT INTO "main"."PyCommerce_vendorpricelists" ("Id", "ProductId", "CountryId", "Price", "VendorId") VALUES ('25', '21', '1', '999.0', '1');
INSERT INTO "main"."PyCommerce_vendorpricelists" ("Id", "ProductId", "CountryId", "Price", "VendorId") VALUES ('26', '24', '1', '23.75', '1');
INSERT INTO "main"."PyCommerce_vendorpricelists" ("Id", "ProductId", "CountryId", "Price", "VendorId") VALUES ('27', '25', '1', '750.0', '1');
INSERT INTO "main"."PyCommerce_vendorpricelists" ("Id", "ProductId", "CountryId", "Price", "VendorId") VALUES ('28', '26', '1', '710.0', '1');
INSERT INTO "main"."PyCommerce_vendorpricelists" ("Id", "ProductId", "CountryId", "Price", "VendorId") VALUES ('29', '27', '1', '11000.0', '1');
INSERT INTO "main"."PyCommerce_vendorpricelists" ("Id", "ProductId", "CountryId", "Price", "VendorId") VALUES ('30', '28', '1', '610.0', '1');
INSERT INTO "main"."PyCommerce_vendorpricelists" ("Id", "ProductId", "CountryId", "Price", "VendorId") VALUES ('31', '29', '1', '2049.0', '1');
INSERT INTO "main"."PyCommerce_vendorpricelists" ("Id", "ProductId", "CountryId", "Price", "VendorId") VALUES ('32', '30', '1', '1199.0', '1');
INSERT INTO "main"."PyCommerce_vendorpricelists" ("Id", "ProductId", "CountryId", "Price", "VendorId") VALUES ('33', '31', '1', '749.0', '1');
INSERT INTO "main"."PyCommerce_vendorpricelists" ("Id", "ProductId", "CountryId", "Price", "VendorId") VALUES ('34', '32', '1', '959.5', '1');
INSERT INTO "main"."PyCommerce_vendorpricelists" ("Id", "ProductId", "CountryId", "Price", "VendorId") VALUES ('35', '33', '1', '2298.0', '1');
INSERT INTO "main"."PyCommerce_vendorpricelists" ("Id", "ProductId", "CountryId", "Price", "VendorId") VALUES ('36', '34', '1', '7000.0', '1');
INSERT INTO "main"."PyCommerce_vendorpricelists" ("Id", "ProductId", "CountryId", "Price", "VendorId") VALUES ('37', '35', '1', '4299.0', '1');
INSERT INTO "main"."PyCommerce_vendorpricelists" ("Id", "ProductId", "CountryId", "Price", "VendorId") VALUES ('38', '36', '1', '3199.0', '1');
INSERT INTO "main"."PyCommerce_vendorpricelists" ("Id", "ProductId", "CountryId", "Price", "VendorId") VALUES ('1021', '1021', '1', '559.0', '1');
INSERT INTO "main"."PyCommerce_vendorpricelists" ("Id", "ProductId", "CountryId", "Price", "VendorId") VALUES ('1022', '1022', '1', '250.0', '1');
INSERT INTO "main"."PyCommerce_vendorpricelists" ("Id", "ProductId", "CountryId", "Price", "VendorId") VALUES ('1023', '1023', '1', '384.0', '1');
INSERT INTO "main"."PyCommerce_vendorpricelists" ("Id", "ProductId", "CountryId", "Price", "VendorId") VALUES ('1024', '1024', '1', '169.0', '1');
INSERT INTO "main"."PyCommerce_vendorpricelists" ("Id", "ProductId", "CountryId", "Price", "VendorId") VALUES ('1025', '1025', '1', '199.0', '1');
INSERT INTO "main"."PyCommerce_vendorpricelists" ("Id", "ProductId", "CountryId", "Price", "VendorId") VALUES ('1026', '1026', '1', '399.0', '1');
INSERT INTO "main"."PyCommerce_vendorpricelists" ("Id", "ProductId", "CountryId", "Price", "VendorId") VALUES ('1027', '1027', '1', '270.0', '1');
INSERT INTO "main"."PyCommerce_vendorpricelists" ("Id", "ProductId", "CountryId", "Price", "VendorId") VALUES ('1028', '1028', '1', '389.0', '1');
INSERT INTO "main"."PyCommerce_vendorpricelists" ("Id", "ProductId", "CountryId", "Price", "VendorId") VALUES ('1029', '1029', '1', '2190.0', '1');
INSERT INTO "main"."PyCommerce_vendorpricelists" ("Id", "ProductId", "CountryId", "Price", "VendorId") VALUES ('1030', '1030', '1', '4999.0', '1');
INSERT INTO "main"."PyCommerce_vendorpricelists" ("Id", "ProductId", "CountryId", "Price", "VendorId") VALUES ('1031', '1031', '1', '7000.0', '1');
INSERT INTO "main"."PyCommerce_vendorpricelists" ("Id", "ProductId", "CountryId", "Price", "VendorId") VALUES ('1032', '1032', '1', '41.0', '1');
INSERT INTO "main"."PyCommerce_vendorpricelists" ("Id", "ProductId", "CountryId", "Price", "VendorId") VALUES ('1033', '1108', '1', '15000.0', '1');

INSERT INTO "main"."PyCommerce_vendors" ("Id", "NameA", "NameL", "Adress1", "Adress2", "Phone", "Email", "Password", "PostCode") VALUES ('1', '', 'Abdullah', '', '', '', 'abdullahmohamedezzat21@gmail.com', 'Budybudy7', '');


CREATE VIEW GetHomeProducts AS

SELECT        invBalance.Id, invBalance.StoreId, pro.Id AS ProductId, invBalance.QuantityBalance, pro.NameL AS ProductName, store.NameL AS StoreName, pro.ImageUrl, pro.ImageUrl6, pro.ImageUrl7, pro.Description, vendorPrice.Price, 
                         Countries.Symbol AS Currency, pro.CategoryId, Vendors.NameL AS VendorName, (row_number() OVER (ORDER BY pro.Id) - 1) AS RowNum, (((row_number() OVER (ORDER BY pro.Id) - 1) / 8) + 1) AS PageNumber,
						 ((SELECT COUNT (*) FROM PyCommerce_productstoreratings AS rating WHERE rating.ProductId = invBalance.ProductId and rating.StoreId = invBalance.StoreId and  rating.RatingId = 5) * 5) AS FiveStarsCount,
						 ((SELECT COUNT (*) FROM PyCommerce_productstoreratings AS rating WHERE rating.ProductId = invBalance.ProductId and rating.StoreId = invBalance.StoreId and  rating.RatingId = 4) * 4) AS FourStarsCount,
						 ((SELECT COUNT (*) FROM PyCommerce_productstoreratings AS rating WHERE rating.ProductId = invBalance.ProductId and rating.StoreId = invBalance.StoreId and  rating.RatingId = 3) * 3) AS ThreeStarsCount,
						 ((SELECT COUNT (*) FROM PyCommerce_productstoreratings AS rating WHERE rating.ProductId = invBalance.ProductId and rating.StoreId = invBalance.StoreId and  rating.RatingId = 2) * 2) AS TwoStarsCount,
						 (SELECT COUNT (*) FROM PyCommerce_productstoreratings AS rating WHERE rating.ProductId = invBalance.ProductId and rating.StoreId = invBalance.StoreId and  rating.RatingId = 1) AS OneStarsCount,
						 ((SELECT COUNT (*) FROM PyCommerce_productstoreratings AS rating WHERE rating.ProductId = invBalance.ProductId and rating.StoreId = invBalance.StoreId ) * 5) AS MaxTotalRating,
						 
						 ROUND(
							 ( ((SELECT COUNT (*) FROM PyCommerce_productstoreratings AS rating WHERE rating.ProductId = invBalance.ProductId and rating.StoreId = invBalance.StoreId and  rating.RatingId = 5) * 5)*1.0 + 
						 ((SELECT COUNT (*) FROM PyCommerce_productstoreratings AS rating WHERE rating.ProductId = invBalance.ProductId and rating.StoreId = invBalance.StoreId and  rating.RatingId = 4) * 4)*1.0 +
						 ((SELECT COUNT (*) FROM PyCommerce_productstoreratings AS rating WHERE rating.ProductId = invBalance.ProductId and rating.StoreId = invBalance.StoreId and  rating.RatingId = 3) * 3)*1.0 +
						 ((SELECT COUNT (*) FROM PyCommerce_productstoreratings AS rating WHERE rating.ProductId = invBalance.ProductId and rating.StoreId = invBalance.StoreId and  rating.RatingId = 2) * 2)*1.0 +
						 (SELECT COUNT (*) FROM PyCommerce_productstoreratings AS rating WHERE rating.ProductId = invBalance.ProductId and rating.StoreId = invBalance.StoreId and  rating.RatingId = 1)*1.0 ) /
						 ((SELECT COUNT (*) FROM PyCommerce_productstoreratings AS rating WHERE rating.ProductId = invBalance.ProductId and rating.StoreId = invBalance.StoreId ) * 5)*1.0
						 
						 ,2) * 100 AS finalProductRating,
						 
						 ROUND(((
							 ( ((SELECT COUNT (*) FROM PyCommerce_productstoreratings AS rating WHERE rating.ProductId = invBalance.ProductId and rating.StoreId = invBalance.StoreId and  rating.RatingId = 5) * 5)*1.0 + 
						 ((SELECT COUNT (*) FROM PyCommerce_productstoreratings AS rating WHERE rating.ProductId = invBalance.ProductId and rating.StoreId = invBalance.StoreId and  rating.RatingId = 4) * 4)*1.0 +
						 ((SELECT COUNT (*) FROM PyCommerce_productstoreratings AS rating WHERE rating.ProductId = invBalance.ProductId and rating.StoreId = invBalance.StoreId and  rating.RatingId = 3) * 3)*1.0 +
						 ((SELECT COUNT (*) FROM PyCommerce_productstoreratings AS rating WHERE rating.ProductId = invBalance.ProductId and rating.StoreId = invBalance.StoreId and  rating.RatingId = 2) * 2)*1.0 +
						 (SELECT COUNT (*) FROM PyCommerce_productstoreratings AS rating WHERE rating.ProductId = invBalance.ProductId and rating.StoreId = invBalance.StoreId and  rating.RatingId = 1)*1.0 ) /
						 ((SELECT COUNT (*) FROM PyCommerce_productstoreratings AS rating WHERE rating.ProductId = invBalance.ProductId and rating.StoreId = invBalance.StoreId ) * 5)*1.0
						 
						 ) * 100) / 100, 2) * 5 AS OutOfFivestring


						 
FROM           PyCommerce_inventorybalances AS invBalance LEFT OUTER JOIN
                        PyCommerce_products AS pro ON invBalance.ProductId = pro.Id LEFT OUTER JOIN
                        PyCommerce_stores AS store ON invBalance.StoreId = store.Id LEFT OUTER JOIN
                        PyCommerce_vendorpricelists AS vendorPrice ON vendorPrice.CountryId = store.CountryId AND vendorPrice.ProductId = pro.Id AND vendorPrice.VendorId = store.VendorId LEFT OUTER JOIN
                        PyCommerce_countries AS Countries ON Countries.Id = store.CountryId LEFT OUTER JOIN
                        PyCommerce_vendors AS Vendors ON Vendors.Id = store.VendorId
						
						
						
CREATE VIEW GetStarPercent AS

SELECT     (row_number() OVER ()) AS id , pro.Id AS ProductId, invBalance.StoreId,
                         
						 (SELECT COUNT (*) FROM PyCommerce_productstoreratings AS rating WHERE rating.ProductId = invBalance.ProductId and rating.StoreId = invBalance.StoreId and  rating.RatingId = 5) AS FiveStarsCount,
						 (SELECT COUNT (*) FROM PyCommerce_productstoreratings AS rating WHERE rating.ProductId = invBalance.ProductId and rating.StoreId = invBalance.StoreId and  rating.RatingId = 4) AS FourStarsCount,
						 (SELECT COUNT (*) FROM PyCommerce_productstoreratings AS rating WHERE rating.ProductId = invBalance.ProductId and rating.StoreId = invBalance.StoreId and  rating.RatingId = 3) AS ThreeStarsCount,
						 (SELECT COUNT (*) FROM PyCommerce_productstoreratings AS rating WHERE rating.ProductId = invBalance.ProductId and rating.StoreId = invBalance.StoreId and  rating.RatingId = 2) AS TwoStarsCount,
						 (SELECT COUNT (*) FROM PyCommerce_productstoreratings AS rating WHERE rating.ProductId = invBalance.ProductId and rating.StoreId = invBalance.StoreId and  rating.RatingId = 1) AS OneStarCount,
						 
						 ROUND(((SELECT COUNT (*) FROM PyCommerce_productstoreratings AS rating WHERE rating.ProductId = invBalance.ProductId and rating.StoreId = invBalance.StoreId and  rating.RatingId = 5) * 1.0 / 
						   (SELECT COUNT (*) FROM PyCommerce_productstoreratings AS rating WHERE rating.ProductId = invBalance.ProductId and rating.StoreId = invBalance.StoreId)) * 100, 2) AS FiveStarsPercent,
						 ROUND(((SELECT COUNT (*) FROM PyCommerce_productstoreratings AS rating WHERE rating.ProductId = invBalance.ProductId and rating.StoreId = invBalance.StoreId and  rating.RatingId = 4) * 1.0 / 
							(SELECT COUNT (*) FROM PyCommerce_productstoreratings AS rating WHERE rating.ProductId = invBalance.ProductId and rating.StoreId = invBalance.StoreId)) * 100, 2) AS FourStarsPercent,
						 ROUND(((SELECT COUNT (*) FROM PyCommerce_productstoreratings AS rating WHERE rating.ProductId = invBalance.ProductId and rating.StoreId = invBalance.StoreId and  rating.RatingId = 3) * 1.0 / 
						   (SELECT COUNT (*) FROM PyCommerce_productstoreratings AS rating WHERE rating.ProductId = invBalance.ProductId and rating.StoreId = invBalance.StoreId)) * 100, 2) AS ThreeStarsPercent,
						 ROUND(((SELECT COUNT (*) FROM PyCommerce_productstoreratings AS rating WHERE rating.ProductId = invBalance.ProductId and rating.StoreId = invBalance.StoreId and  rating.RatingId = 2) * 1.0 / 
						   (SELECT COUNT (*) FROM PyCommerce_productstoreratings AS rating WHERE rating.ProductId = invBalance.ProductId and rating.StoreId = invBalance.StoreId)) * 100, 2) AS TwoStarsPercent,
						 ROUND(((SELECT COUNT (*) FROM PyCommerce_productstoreratings AS rating WHERE rating.ProductId = invBalance.ProductId and rating.StoreId = invBalance.StoreId and  rating.RatingId = 1) * 1.0 / 
						   (SELECT COUNT (*) FROM PyCommerce_productstoreratings AS rating WHERE rating.ProductId = invBalance.ProductId and rating.StoreId = invBalance.StoreId)) * 100, 2) AS OneStarPercent,
			
						 
						 ROUND((( ((SELECT COUNT (*) FROM PyCommerce_productstoreratings AS rating WHERE rating.ProductId = invBalance.ProductId and rating.StoreId = invBalance.StoreId and  rating.RatingId = 5) *5) *1.0 +
						 ((SELECT COUNT (*) FROM PyCommerce_productstoreratings AS rating WHERE rating.ProductId = invBalance.ProductId and rating.StoreId = invBalance.StoreId and  rating.RatingId = 4) *4) *1.0 +
						 ((SELECT COUNT (*) FROM PyCommerce_productstoreratings AS rating WHERE rating.ProductId = invBalance.ProductId and rating.StoreId = invBalance.StoreId and  rating.RatingId = 3) *3) *1.0 +
						 ((SELECT COUNT (*) FROM PyCommerce_productstoreratings AS rating WHERE rating.ProductId = invBalance.ProductId and rating.StoreId = invBalance.StoreId and  rating.RatingId = 2) *2) *1.0 +
						 (SELECT COUNT (*) FROM PyCommerce_productstoreratings AS rating WHERE rating.ProductId = invBalance.ProductId and rating.StoreId = invBalance.StoreId and  rating.RatingId = 1) *1.0 ) /
						 ((SELECT COUNT (*) FROM PyCommerce_productstoreratings AS rating WHERE rating.ProductId = invBalance.ProductId and rating.StoreId = invBalance.StoreId) * 5) *100), 2) AS averageRating,
						 
						 
						  ROUND( ((( ((SELECT COUNT (*) FROM PyCommerce_productstoreratings AS rating WHERE rating.ProductId = invBalance.ProductId and rating.StoreId = invBalance.StoreId and  rating.RatingId = 5) *5) *1.0 +
						 ((SELECT COUNT (*) FROM PyCommerce_productstoreratings AS rating WHERE rating.ProductId = invBalance.ProductId and rating.StoreId = invBalance.StoreId and  rating.RatingId = 4) *4) *1.0 +
						 ((SELECT COUNT (*) FROM PyCommerce_productstoreratings AS rating WHERE rating.ProductId = invBalance.ProductId and rating.StoreId = invBalance.StoreId and  rating.RatingId = 3) *3) *1.0 +
						 ((SELECT COUNT (*) FROM PyCommerce_productstoreratings AS rating WHERE rating.ProductId = invBalance.ProductId and rating.StoreId = invBalance.StoreId and  rating.RatingId = 2) *2) *1.0 +
						 (SELECT COUNT (*) FROM PyCommerce_productstoreratings AS rating WHERE rating.ProductId = invBalance.ProductId and rating.StoreId = invBalance.StoreId and  rating.RatingId = 1) *1.0 ) /
						 ((SELECT COUNT (*) FROM PyCommerce_productstoreratings AS rating WHERE rating.ProductId = invBalance.ProductId and rating.StoreId = invBalance.StoreId) * 5) *100) / 100) *5, 1) AS OutOfFive,
						 
						 (SELECT COUNT (*) FROM PyCommerce_productstoreratings AS rating WHERE rating.ProductId = invBalance.ProductId and rating.StoreId = invBalance.StoreId) AS allReviewsCount

		


						 
FROM           PyCommerce_inventorybalances AS invBalance LEFT OUTER JOIN
                        PyCommerce_products AS pro ON invBalance.ProductId = pro.Id LEFT OUTER JOIN
                        PyCommerce_stores AS store ON invBalance.StoreId = store.Id LEFT OUTER JOIN
                        PyCommerce_vendorpricelists AS vendorPrice ON vendorPrice.CountryId = store.CountryId AND vendorPrice.ProductId = pro.Id AND vendorPrice.VendorId = store.VendorId LEFT OUTER JOIN
                        PyCommerce_countries AS Countries ON Countries.Id = store.CountryId LEFT OUTER JOIN
                        PyCommerce_vendors AS Vendors ON Vendors.Id = store.VendorId




CREATE VIEW SpecificationValueCount AS

SELECT DISTINCT (row_number() OVER ()) AS id, SpecificationId, SpecificationValue,
                             (SELECT        COUNT(*) AS Expr1
                               FROM            PyCommerce_inventorybalances AS InvBalance LEFT OUTER JOIN
                                                         PyCommerce_productspecifications AS SubSpec ON InvBalance.ProductId = SubSpec.ProductId
                               WHERE        (SubSpec.SpecificationValue = ProSpec.SpecificationValue) AND (SubSpec.CategoryId = ProSpec.CategoryId)) AS SpecificationCount, CategoryId
FROM            PyCommerce_productspecifications AS ProSpec
WHERE        (ShowInFilter = 1)						